ID,Title,Acceptance,Difficulty,Frequency,Leetcode Question Link,Status
937,Reorder Data in Log Files,54.3%,Easy,5.669086974531991, https://leetcode.com/problems/reorder-data-in-log-files,Not Done
200,Number of Islands,46.8%,Medium,5.561995337907439, https://leetcode.com/problems/number-of-islands,Not Done
1192,Critical Connections in a Network,48.6%,Hard,5.451163696788967, https://leetcode.com/problems/critical-connections-in-a-network,Not Done
1,Two Sum,45.6%,Easy,5.340332055670496, https://leetcode.com/problems/two-sum,Not Done
146,LRU Cache,33.2%,Medium,5.266473618736184, https://leetcode.com/problems/lru-cache,Not Done
973,K Closest Points to Origin,63.8%,Medium,5.155641977617712, https://leetcode.com/problems/k-closest-points-to-origin,Not Done
819,Most Common Word,44.8%,Easy,5.044810336499242, https://leetcode.com/problems/most-common-word,Not Done
138,Copy List with Random Pointer,36.4%,Medium,5.028653490396094, https://leetcode.com/problems/copy-list-with-random-pointer,Not Done
5,Longest Palindromic Substring,29.5%,Medium,4.9178218492776224, https://leetcode.com/problems/longest-palindromic-substring,Not Done
994,Rotting Oranges,49.2%,Medium,4.806990208159151, https://leetcode.com/problems/rotting-oranges,Not Done
42,Trapping Rain Water,48.9%,Hard,4.697248826330039, https://leetcode.com/problems/trapping-rain-water,Not Done
23,Merge k Sorted Lists,40.2%,Hard,4.599324597310145, https://leetcode.com/problems/merge-k-sorted-lists,Not Done
763,Partition Labels,76.1%,Medium,4.548324962256519, https://leetcode.com/problems/partition-labels,Not Done
2,Add Two Numbers,33.9%,Medium,4.4374933211380485, https://leetcode.com/problems/add-two-numbers,Not Done
20,Valid Parentheses,39.0%,Easy,4.362623996011495, https://leetcode.com/problems/valid-parentheses,Not Done
21,Merge Two Sorted Lists,53.5%,Easy,4.322317225718424, https://leetcode.com/problems/merge-two-sorted-lists,Not Done
127,Word Ladder,29.6%,Medium,4.310600785424381, https://leetcode.com/problems/word-ladder,Not Done
295,Find Median from Data Stream,44.3%,Hard,4.2919882291467175, https://leetcode.com/problems/find-median-from-data-stream,Not Done
297,Serialize and Deserialize Binary Tree,47.5%,Hard,4.29109371663071, https://leetcode.com/problems/serialize-and-deserialize-binary-tree,Not Done
692,Top K Frequent Words,51.8%,Medium,4.255293916882421, https://leetcode.com/problems/top-k-frequent-words,Not Done
572,Subtree of Another Tree,44.1%,Easy,4.159077466360555, https://leetcode.com/problems/subtree-of-another-tree,Not Done
240,Search a 2D Matrix II,43.2%,Medium,4.048245825242085, https://leetcode.com/problems/search-a-2d-matrix-ii,Not Done
126,Word Ladder II,22.1%,Hard,4.024013333632092, https://leetcode.com/problems/word-ladder-ii,Not Done
472,Concatenated Words,43.7%,Hard,3.921598333672735, https://leetcode.com/problems/concatenated-words,Not Done
642,Design Search Autocomplete System,44.7%,Hard,3.8667846655909375, https://leetcode.com/problems/design-search-autocomplete-system,Not Done
957,Prison Cells After N Days,40.7%,Medium,3.8492305425836575, https://leetcode.com/problems/prison-cells-after-n-days,Not Done
121,Best Time to Buy and Sell Stock,50.5%,Easy,3.815410005281224, https://leetcode.com/problems/best-time-to-buy-and-sell-stock,Not Done
273,Integer to English Words,27.1%,Hard,3.751742974770793, https://leetcode.com/problems/integer-to-english-words,Not Done
4,Median of Two Sorted Arrays,29.6%,Hard,3.729457573647053, https://leetcode.com/problems/median-of-two-sorted-arrays,Not Done
3,Longest Substring Without Repeating Characters,30.4%,Medium,3.673122324413377, https://leetcode.com/problems/longest-substring-without-repeating-characters,Not Done
253,Meeting Rooms II,45.7%,Medium,3.650908416088221, https://leetcode.com/problems/meeting-rooms-ii,Not Done
17,Letter Combinations of a Phone Number,46.8%,Medium,3.646488617199801, https://leetcode.com/problems/letter-combinations-of-a-phone-number,Not Done
348,Design Tic-Tac-Toe,54.3%,Medium,3.644912199818459, https://leetcode.com/problems/design-tic-tac-toe,Not Done
139,Word Break,40.1%,Medium,3.568929344215992, https://leetcode.com/problems/word-break,Not Done
155,Min Stack,44.5%,Easy,3.543506924961488, https://leetcode.com/problems/min-stack,Not Done
48,Rotate Image,56.7%,Medium,3.5414589493287463, https://leetcode.com/problems/rotate-image,Not Done
236,Lowest Common Ancestor of a Binary Tree,45.7%,Medium,3.5247783696000754, https://leetcode.com/problems/lowest-common-ancestor-of-a-binary-tree,Not Done
238,Product of Array Except Self,60.1%,Medium,3.514882900018146, https://leetcode.com/problems/product-of-array-except-self,Not Done
212,Word Search II,34.9%,Hard,3.483790156179396, https://leetcode.com/problems/word-search-ii,Not Done
12,Integer to Roman,55.1%,Medium,3.4609849174972926, https://leetcode.com/problems/integer-to-roman,Not Done
239,Sliding Window Maximum,43.0%,Hard,3.433795326058728, https://leetcode.com/problems/sliding-window-maximum,Not Done
269,Alien Dictionary,33.3%,Hard,3.377668409524585, https://leetcode.com/problems/alien-dictionary,Not Done
460,LFU Cache,34.2%,Hard,3.3776519095965654, https://leetcode.com/problems/lfu-cache,Not Done
15,3Sum,26.8%,Medium,3.3710842155526985, https://leetcode.com/problems/3sum,Not Done
33,Search in Rotated Sorted Array,34.5%,Medium,3.36664858077294, https://leetcode.com/problems/search-in-rotated-sorted-array,Not Done
675,Cut Off Trees for Golf Event,34.6%,Hard,3.36225540086527, https://leetcode.com/problems/cut-off-trees-for-golf-event,Not Done
588,Design In-Memory File System,45.9%,Hard,3.360532016478895, https://leetcode.com/problems/design-in-memory-file-system,Not Done
909,Snakes and Ladders,38.4%,Medium,3.343741372618161, https://leetcode.com/problems/snakes-and-ladders,Not Done
165,Compare Version Numbers,27.4%,Medium,3.2759201587167275, https://leetcode.com/problems/compare-version-numbers,Not Done
56,Merge Intervals,39.3%,Medium,3.274551916823998, https://leetcode.com/problems/merge-intervals,Not Done
380,Insert Delete GetRandom O(1),47.5%,Medium,3.264575909538694, https://leetcode.com/problems/insert-delete-getrandom-o1,Not Done
53,Maximum Subarray,46.5%,Easy,3.251839886943117, https://leetcode.com/problems/maximum-subarray,Not Done
49,Group Anagrams,56.9%,Medium,3.2464298158187788, https://leetcode.com/problems/group-anagrams,Not Done
545,Boundary of Binary Tree,38.9%,Medium,3.237053553363016, https://leetcode.com/problems/boundary-of-binary-tree,Not Done
11,Container With Most Water,50.8%,Medium,3.1775832534023336, https://leetcode.com/problems/container-with-most-water,Not Done
76,Minimum Window Substring,34.6%,Hard,3.173047047364089, https://leetcode.com/problems/minimum-window-substring,Not Done
54,Spiral Matrix,34.1%,Medium,3.1133021060526898, https://leetcode.com/problems/spiral-matrix,Not Done
1152,Analyze User Website Visit Pattern,43.5%,Medium,3.092908705843992, https://leetcode.com/problems/analyze-user-website-visit-pattern,Not Done
45,Jump Game II,30.6%,Hard,3.0792002097019933, https://leetcode.com/problems/jump-game-ii,Not Done
206,Reverse Linked List,62.5%,Easy,3.0671059105253646, https://leetcode.com/problems/reverse-linked-list,Not Done
1167,Minimum Cost to Connect Sticks,62.8%,Medium,3.0601766637553607, https://leetcode.com/problems/minimum-cost-to-connect-sticks,Not Done
277,Find the Celebrity,41.8%,Medium,2.94934502263689, https://leetcode.com/problems/find-the-celebrity,Not Done
124,Binary Tree Maximum Path Sum,34.3%,Hard,2.9289335381500554, https://leetcode.com/problems/binary-tree-maximum-path-sum,Not Done
322,Coin Change,35.5%,Medium,2.922588287066361, https://leetcode.com/problems/coin-change,Not Done
863,All Nodes Distance K in Binary Tree,55.4%,Medium,2.8584437554191786, https://leetcode.com/problems/all-nodes-distance-k-in-binary-tree,Not Done
694,Number of Distinct Islands,56.0%,Medium,2.8410258837930096, https://leetcode.com/problems/number-of-distinct-islands,Not Done
103,Binary Tree Zigzag Level Order Traversal,48.3%,Medium,2.828681880742103, https://leetcode.com/problems/binary-tree-zigzag-level-order-traversal,Not Done
733,Flood Fill,55.3%,Easy,2.79988479636092, https://leetcode.com/problems/flood-fill,Not Done
25,Reverse Nodes in k-Group,42.1%,Hard,2.7613797410092618, https://leetcode.com/problems/reverse-nodes-in-k-group,Not Done
341,Flatten Nested List Iterator,52.9%,Medium,2.754450954511437, https://leetcode.com/problems/flatten-nested-list-iterator,Not Done
98,Validate Binary Search Tree,27.8%,Medium,2.737334189986096, https://leetcode.com/problems/validate-binary-search-tree,Not Done
490,The Maze,51.4%,Medium,2.66842926183044, https://leetcode.com/problems/the-maze,Not Done
208,Implement Trie (Prefix Tree),49.4%,Medium,2.65382797633134, https://leetcode.com/problems/implement-trie-prefix-tree,Not Done
535,Encode and Decode TinyURL,79.9%,Medium,2.648278198910626, https://leetcode.com/problems/encode-and-decode-tinyurl,Not Done
1268,Search Suggestions System,63.2%,Medium,2.6191388654944228, https://leetcode.com/problems/search-suggestions-system,Not Done
224,Basic Calculator,36.8%,Hard,2.6186476779233394, https://leetcode.com/problems/basic-calculator,Not Done
99,Recover Binary Search Tree,39.7%,Hard,2.5927917375731657, https://leetcode.com/problems/recover-binary-search-tree,Not Done
289,Game of Life,54.5%,Medium,2.5856365392630773, https://leetcode.com/problems/game-of-life,Not Done
438,Find All Anagrams in a String,43.3%,Medium,2.5722353072335498, https://leetcode.com/problems/find-all-anagrams-in-a-string,Not Done
116,Populating Next Right Pointers in Each Node,45.2%,Medium,2.57096386118438, https://leetcode.com/problems/populating-next-right-pointers-in-each-node,Not Done
22,Generate Parentheses,62.7%,Medium,2.5685235165995333, https://leetcode.com/problems/generate-parentheses,Not Done
218,The Skyline Problem,34.6%,Hard,2.559475345285509, https://leetcode.com/problems/the-skyline-problem,Not Done
772,Basic Calculator III,41.3%,Hard,2.55813888845901, https://leetcode.com/problems/basic-calculator-iii,Not Done
314,Binary Tree Vertical Order Traversal,45.3%,Medium,2.550800170263845, https://leetcode.com/problems/binary-tree-vertical-order-traversal,Not Done
387,First Unique Character in a String,53.4%,Easy,2.54799745525127, https://leetcode.com/problems/first-unique-character-in-a-string,Not Done
105,Construct Binary Tree from Preorder and Inorder Traversal,48.8%,Medium,2.5404024506810825, https://leetcode.com/problems/construct-binary-tree-from-preorder-and-inorder-traversal,Not Done
215,Kth Largest Element in an Array,55.4%,Medium,2.5347978538534184, https://leetcode.com/problems/kth-largest-element-in-an-array,Not Done
102,Binary Tree Level Order Traversal,54.6%,Medium,2.5203331450038857, https://leetcode.com/problems/binary-tree-level-order-traversal,Not Done
207,Course Schedule,43.1%,Medium,2.503721648394562, https://leetcode.com/problems/course-schedule,Not Done
91,Decode Ways,24.7%,Medium,2.490602261668241, https://leetcode.com/problems/decode-ways,Not Done
140,Word Break II,32.6%,Hard,2.479095544790561, https://leetcode.com/problems/word-break-ii,Not Done
64,Minimum Path Sum,54.5%,Medium,2.4716559596617222, https://leetcode.com/problems/minimum-path-sum,Not Done
84,Largest Rectangle in Histogram,35.2%,Hard,2.446723489442169, https://leetcode.com/problems/largest-rectangle-in-histogram,Not Done
866,Prime Palindrome,24.9%,Medium,2.426668322236189, https://leetcode.com/problems/prime-palindrome,Not Done
13,Roman to Integer,55.7%,Easy,2.416073231744048, https://leetcode.com/problems/roman-to-integer,Not Done
227,Basic Calculator II,36.9%,Medium,2.410014583502816, https://leetcode.com/problems/basic-calculator-ii,Not Done
117,Populating Next Right Pointers in Each Node II,39.1%,Medium,2.3950274761670123, https://leetcode.com/problems/populating-next-right-pointers-in-each-node-ii,Not Done
505,The Maze II,47.7%,Medium,2.3775245123756745, https://leetcode.com/problems/the-maze-ii,Not Done
449,Serialize and Deserialize BST,52.0%,Medium,2.355719394696847, https://leetcode.com/problems/serialize-and-deserialize-bst,Not Done
55,Jump Game,34.6%,Medium,2.354033209232933, https://leetcode.com/problems/jump-game,Not Done
695,Max Area of Island,62.7%,Medium,2.3328594765055053, https://leetcode.com/problems/max-area-of-island,Not Done
362,Design Hit Counter,63.7%,Medium,2.3302202652283723, https://leetcode.com/problems/design-hit-counter,Not Done
235,Lowest Common Ancestor of a Binary Search Tree,49.9%,Easy,2.3282029797125845, https://leetcode.com/problems/lowest-common-ancestor-of-a-binary-search-tree,Not Done
93,Restore IP Addresses,35.6%,Medium,2.324986977154908, https://leetcode.com/problems/restore-ip-addresses,Not Done
1000,Minimum Cost to Merge Stones,39.8%,Hard,2.285269832848969, https://leetcode.com/problems/minimum-cost-to-merge-stones,Not Done
74,Search a 2D Matrix,36.5%,Medium,2.2752799670533843, https://leetcode.com/problems/search-a-2d-matrix,Not Done
8,String to Integer (atoi),15.4%,Medium,2.240034398814754, https://leetcode.com/problems/string-to-integer-atoi,Not Done
1102,Path With Maximum Minimum Value,49.2%,Medium,2.236364097993119, https://leetcode.com/problems/path-with-maximum-minimum-value,Not Done
221,Maximal Square,37.7%,Medium,2.235984503554956, https://leetcode.com/problems/maximal-square,Not Done
543,Diameter of Binary Tree,48.4%,Easy,2.23004729120334, https://leetcode.com/problems/diameter-of-binary-tree,Not Done
101,Symmetric Tree,46.8%,Easy,2.218229616099434, https://leetcode.com/problems/symmetric-tree,Not Done
711,Number of Distinct Islands II,47.3%,Hard,2.19722457733622, https://leetcode.com/problems/number-of-distinct-islands-ii,Not Done
173,Binary Search Tree Iterator,56.6%,Medium,2.189474627694592, https://leetcode.com/problems/binary-search-tree-iterator,Not Done
445,Add Two Numbers II,54.5%,Medium,2.1695498551799988, https://leetcode.com/problems/add-two-numbers-ii,Not Done
143,Reorder List,37.1%,Medium,2.148764391721176, https://leetcode.com/problems/reorder-list,Not Done
31,Next Permutation,32.6%,Medium,2.1484244000997346, https://leetcode.com/problems/next-permutation,Not Done
134,Gas Station,38.5%,Medium,2.142566589871282, https://leetcode.com/problems/gas-station,Not Done
234,Palindrome Linked List,39.3%,Easy,2.134538085279358, https://leetcode.com/problems/palindrome-linked-list,Not Done
199,Binary Tree Right Side View,54.1%,Medium,2.1265239954461888, https://leetcode.com/problems/binary-tree-right-side-view,Not Done
72,Edit Distance,44.8%,Hard,2.121008287749178, https://leetcode.com/problems/edit-distance,Not Done
149,Max Points on a Line,16.9%,Hard,2.1126877423916333, https://leetcode.com/problems/max-points-on-a-line,Not Done
79,Word Search,35.6%,Medium,2.1111316640536213, https://leetcode.com/problems/word-search,Not Done
347,Top K Frequent Elements,61.2%,Medium,2.101870619522738, https://leetcode.com/problems/top-k-frequent-elements,Not Done
62,Unique Paths,54.1%,Medium,2.0850418565392053, https://leetcode.com/problems/unique-paths,Not Done
631,Design Excel Sum Formula,31.6%,Hard,2.0739919369122712, https://leetcode.com/problems/design-excel-sum-formula,Not Done
394,Decode String,50.0%,Medium,2.066390364708292, https://leetcode.com/problems/decode-string,Not Done
353,Design Snake Game,34.2%,Medium,2.0643120655473823, https://leetcode.com/problems/design-snake-game,Not Done
384,Shuffle an Array,52.8%,Medium,2.051144428767012, https://leetcode.com/problems/shuffle-an-array,Not Done
323,Number of Connected Components in an Undirected Graph,56.0%,Medium,2.0420691989817303, https://leetcode.com/problems/number-of-connected-components-in-an-undirected-graph,Not Done
133,Clone Graph,34.8%,Medium,2.032877757580115, https://leetcode.com/problems/clone-graph,Not Done
706,Design HashMap,61.3%,Easy,1.9992790950371089, https://leetcode.com/problems/design-hashmap,Not Done
336,Palindrome Pairs,33.7%,Hard,1.994773809311112, https://leetcode.com/problems/palindrome-pairs,Not Done
682,Baseball Game,63.7%,Easy,1.9698767413574847, https://leetcode.com/problems/baseball-game,Not Done
759,Employee Free Time,66.2%,Hard,1.9498164040223784, https://leetcode.com/problems/employee-free-time,Not Done
281,Zigzag Iterator,58.4%,Medium,1.9424197441155449, https://leetcode.com/problems/zigzag-iterator,Not Done
1091,Shortest Path in Binary Matrix,38.2%,Medium,1.9257261904488203, https://leetcode.com/problems/shortest-path-in-binary-matrix,Not Done
1120,Maximum Average Subtree,61.9%,Medium,1.9180337795270583, https://leetcode.com/problems/maximum-average-subtree,Not Done
185,Department Top Three Salaries,34.5%,Hard,1.9085241431117688, https://leetcode.com/problems/department-top-three-salaries,Not Done
150,Evaluate Reverse Polish Notation,36.3%,Medium,1.9012041599672849, https://leetcode.com/problems/evaluate-reverse-polish-notation,Not Done
10,Regular Expression Matching,26.8%,Hard,1.8952971922607, https://leetcode.com/problems/regular-expression-matching,Not Done
564,Find the Closest Palindrome,19.7%,Hard,1.8891939196134608, https://leetcode.com/problems/find-the-closest-palindrome,Not Done
71,Simplify Path,32.6%,Medium,1.888682852832007, https://leetcode.com/problems/simplify-path,Not Done
1099,Two Sum Less Than K,60.6%,Easy,1.8844097937561664, https://leetcode.com/problems/two-sum-less-than-k,Not Done
96,Unique Binary Search Trees,52.9%,Medium,1.883023885568637, https://leetcode.com/problems/unique-binary-search-trees,Not Done
417,Pacific Atlantic Water Flow,41.1%,Medium,1.876850143198896, https://leetcode.com/problems/pacific-atlantic-water-flow,Not Done
1279,Traffic Light Controlled Intersection,74.3%,Easy,1.8726661078408555, https://leetcode.com/problems/traffic-light-controlled-intersection,Not Done
122,Best Time to Buy and Sell Stock II,57.0%,Easy,1.8525949058444693, https://leetcode.com/problems/best-time-to-buy-and-sell-stock-ii,Not Done
895,Maximum Frequency Stack,60.6%,Hard,1.849081750335884, https://leetcode.com/problems/maximum-frequency-stack,Not Done
97,Interleaving String,31.5%,Hard,1.83971213304063, https://leetcode.com/problems/interleaving-string,Not Done
286,Walls and Gates,54.5%,Medium,1.8391208816311395, https://leetcode.com/problems/walls-and-gates,Not Done
640,Solve the Equation,42.0%,Medium,1.833456992769655, https://leetcode.com/problems/solve-the-equation,Not Done
39,Combination Sum,56.1%,Medium,1.817926014095787, https://leetcode.com/problems/combination-sum,Not Done
59,Spiral Matrix II,53.9%,Medium,1.8176193109460803, https://leetcode.com/problems/spiral-matrix-ii,Not Done
317,Shortest Distance from All Buildings,41.4%,Hard,1.8109171432609883, https://leetcode.com/problems/shortest-distance-from-all-buildings,Not Done
529,Minesweeper,59.1%,Medium,1.7898723201494031, https://leetcode.com/problems/minesweeper,Not Done
169,Majority Element,58.7%,Easy,1.7889052208605918, https://leetcode.com/problems/majority-element,Not Done
152,Maximum Product Subarray,31.7%,Medium,1.771346985369458, https://leetcode.com/problems/maximum-product-subarray,Not Done
503,Next Greater Element II,56.5%,Medium,1.770513630608183, https://leetcode.com/problems/next-greater-element-ii,Not Done
210,Course Schedule II,40.7%,Medium,1.7702354394987208, https://leetcode.com/problems/course-schedule-ii,Not Done
167,Two Sum II - Input array is sorted,54.1%,Easy,1.7588952422994573, https://leetcode.com/problems/two-sum-ii-input-array-is-sorted,Not Done
78,Subsets,62.0%,Medium,1.755791978967868, https://leetcode.com/problems/subsets,Not Done
312,Burst Balloons,51.8%,Hard,1.7426298809449383, https://leetcode.com/problems/burst-balloons,Not Done
88,Merge Sorted Array,39.4%,Easy,1.741132376248305, https://leetcode.com/problems/merge-sorted-array,Not Done
315,Count of Smaller Numbers After Self,41.5%,Hard,1.7376152797037996, https://leetcode.com/problems/count-of-smaller-numbers-after-self,Not Done
211,Add and Search Word - Data structure design,38.1%,Medium,1.727663895328723, https://leetcode.com/problems/add-and-search-word-data-structure-design,Not Done
252,Meeting Rooms,54.6%,Easy,1.727286498219969, https://leetcode.com/problems/meeting-rooms,Not Done
92,Reverse Linked List II,38.8%,Medium,1.7268015729532826, https://leetcode.com/problems/reverse-linked-list-ii,Not Done
1155,Number of Dice Rolls With Target Sum,49.0%,Medium,1.7200707644102335, https://leetcode.com/problems/number-of-dice-rolls-with-target-sum,Not Done
160,Intersection of Two Linked Lists,40.6%,Easy,1.7175192044428398, https://leetcode.com/problems/intersection-of-two-linked-lists,Not Done
538,Convert BST to Greater Tree,55.4%,Easy,1.715436123407721, https://leetcode.com/problems/convert-bst-to-greater-tree,Not Done
36,Valid Sudoku,48.7%,Medium,1.7143211698041672, https://leetcode.com/problems/valid-sudoku,Not Done
261,Graph Valid Tree,42.2%,Medium,1.7120554575780782, https://leetcode.com/problems/graph-valid-tree,Not Done
41,First Missing Positive,32.0%,Hard,1.7077985883022846, https://leetcode.com/problems/first-missing-positive,Not Done
75,Sort Colors,47.3%,Medium,1.7055667578592613, https://leetcode.com/problems/sort-colors,Not Done
332,Reconstruct Itinerary,36.7%,Medium,1.70247908836567, https://leetcode.com/problems/reconstruct-itinerary,Not Done
388,Longest Absolute File Path,41.8%,Medium,1.701920835619497, https://leetcode.com/problems/longest-absolute-file-path,Not Done
980,Unique Paths III,73.3%,Hard,1.6945957207744071, https://leetcode.com/problems/unique-paths-iii,Not Done
32,Longest Valid Parentheses,28.4%,Hard,1.6919770613401734, https://leetcode.com/problems/longest-valid-parentheses,Not Done
128,Longest Consecutive Sequence,45.1%,Hard,1.6865841637000685, https://leetcode.com/problems/longest-consecutive-sequence,Not Done
653,Two Sum IV - Input is a BST,55.5%,Easy,1.684088103504085, https://leetcode.com/problems/two-sum-iv-input-is-a-bst,Not Done
153,Find Minimum in Rotated Sorted Array,45.1%,Medium,1.6770877689648518, https://leetcode.com/problems/find-minimum-in-rotated-sorted-array,Not Done
46,Permutations,63.5%,Medium,1.6727146787726128, https://leetcode.com/problems/permutations,Not Done
57,Insert Interval,33.5%,Hard,1.663668453758183, https://leetcode.com/problems/insert-interval,Not Done
560,Subarray Sum Equals K,43.9%,Medium,1.6592537569720698, https://leetcode.com/problems/subarray-sum-equals-k,Not Done
228,Summary Ranges,39.5%,Medium,1.6567376779326932, https://leetcode.com/problems/summary-ranges,Not Done
19,Remove Nth Node From End of List,35.2%,Medium,1.65214258899559, https://leetcode.com/problems/remove-nth-node-from-end-of-list,Not Done
815,Bus Routes,42.5%,Hard,1.6520112554791415, https://leetcode.com/problems/bus-routes,Not Done
109,Convert Sorted List to Binary Search Tree,47.7%,Medium,1.6493576818898796, https://leetcode.com/problems/convert-sorted-list-to-binary-search-tree,Not Done
177,Nth Highest Salary,31.4%,Medium,1.6455495908564486, https://leetcode.com/problems/nth-highest-salary,Not Done
489,Robot Room Cleaner,69.7%,Hard,1.6324326136038003, https://leetcode.com/problems/robot-room-cleaner,Not Done
268,Missing Number,51.7%,Easy,1.6320760079492722, https://leetcode.com/problems/missing-number,Not Done
767,Reorganize String,48.7%,Medium,1.629188040780247, https://leetcode.com/problems/reorganize-string,Not Done
123,Best Time to Buy and Sell Stock III,37.5%,Hard,1.6269507084661998, https://leetcode.com/problems/best-time-to-buy-and-sell-stock-iii,Not Done
496,Next Greater Element I,63.8%,Easy,1.623294947095527, https://leetcode.com/problems/next-greater-element-i,Not Done
179,Largest Number,28.8%,Medium,1.6163944622274604, https://leetcode.com/problems/largest-number,Not Done
739,Daily Temperatures,63.3%,Medium,1.6160707692725675, https://leetcode.com/problems/daily-temperatures,Not Done
135,Candy,31.6%,Hard,1.6085311570447844, https://leetcode.com/problems/candy,Not Done
333,Largest BST Subtree,35.8%,Medium,1.6081890830491932, https://leetcode.com/problems/largest-bst-subtree,Not Done
716,Max Stack,42.6%,Easy,1.5967072751794935, https://leetcode.com/problems/max-stack,Not Done
983,Minimum Cost For Tickets,60.5%,Medium,1.5900124782015408, https://leetcode.com/problems/minimum-cost-for-tickets,Not Done
284,Peeking Iterator,45.7%,Medium,1.5734095705907016, https://leetcode.com/problems/peeking-iterator,Not Done
703,Kth Largest Element in a Stream,49.7%,Easy,1.5707712794799118, https://leetcode.com/problems/kth-largest-element-in-a-stream,Not Done
403,Frog Jump,39.7%,Hard,1.5648607913227532, https://leetcode.com/problems/frog-jump,Not Done
987,Vertical Order Traversal of a Binary Tree,36.6%,Medium,1.5645723589490914, https://leetcode.com/problems/vertical-order-traversal-of-a-binary-tree,Not Done
1135,Connecting Cities With Minimum Cost,57.5%,Medium,1.55814461804655, https://leetcode.com/problems/connecting-cities-with-minimum-cost,Not Done
24,Swap Nodes in Pairs,50.4%,Medium,1.5573641606589284, https://leetcode.com/problems/swap-nodes-in-pairs,Not Done
437,Path Sum III,47.2%,Medium,1.5554113655450712, https://leetcode.com/problems/path-sum-iii,Not Done
300,Longest Increasing Subsequence,42.6%,Medium,1.5490046156762238, https://leetcode.com/problems/longest-increasing-subsequence,Not Done
85,Maximal Rectangle,37.7%,Hard,1.537804933809427, https://leetcode.com/problems/maximal-rectangle,Not Done
456,132 Pattern,28.9%,Medium,1.525732992790649, https://leetcode.com/problems/132-pattern,Not Done
141,Linked List Cycle,41.1%,Easy,1.522542660710357, https://leetcode.com/problems/linked-list-cycle,Not Done
113,Path Sum II,46.7%,Medium,1.5150515928584396, https://leetcode.com/problems/path-sum-ii,Not Done
285,Inorder Successor in BST,40.4%,Medium,1.510518743584091, https://leetcode.com/problems/inorder-successor-in-bst,Not Done
373,Find K Pairs with Smallest Sums,36.7%,Medium,1.5084295594383277, https://leetcode.com/problems/find-k-pairs-with-smallest-sums,Not Done
188,Best Time to Buy and Sell Stock IV,28.0%,Hard,1.504354904756409, https://leetcode.com/problems/best-time-to-buy-and-sell-stock-iv,Not Done
346,Moving Average from Data Stream,70.9%,Easy,1.5026900216652237, https://leetcode.com/problems/moving-average-from-data-stream,Not Done
16,3Sum Closest,46.0%,Medium,1.502292150830875, https://leetcode.com/problems/3sum-closest,Not Done
70,Climbing Stairs,47.8%,Easy,1.4992054591551138, https://leetcode.com/problems/climbing-stairs,Not Done
51,N-Queens,46.6%,Hard,1.4985525208443042, https://leetcode.com/problems/n-queens,Not Done
556,Next Greater Element III,31.7%,Medium,1.4953904059628045, https://leetcode.com/problems/next-greater-element-iii,Not Done
148,Sort List,42.3%,Medium,1.4930623365455966, https://leetcode.com/problems/sort-list,Not Done
287,Find the Duplicate Number,55.5%,Medium,1.4924096601235337, https://leetcode.com/problems/find-the-duplicate-number,Not Done
518,Coin Change 2,50.2%,Medium,1.4888697222870522, https://leetcode.com/problems/coin-change-2,Not Done
176,Second Highest Salary,31.6%,Easy,1.4884959036034957, https://leetcode.com/problems/second-highest-salary,Not Done
120,Triangle,44.2%,Medium,1.484114863291384, https://leetcode.com/problems/triangle,Not Done
18,4Sum,33.7%,Medium,1.4782493997995902, https://leetcode.com/problems/4sum,Not Done
270,Closest Binary Search Tree Value,48.5%,Easy,1.4782231041316831, https://leetcode.com/problems/closest-binary-search-tree-value,Not Done
378,Kth Smallest Element in a Sorted Matrix,54.3%,Medium,1.4775268731337765, https://leetcode.com/problems/kth-smallest-element-in-a-sorted-matrix,Not Done
540,Single Element in a Sorted Array,57.9%,Medium,1.4535722160879798, https://leetcode.com/problems/single-element-in-a-sorted-array,Not Done
205,Isomorphic Strings,39.8%,Easy,1.4257801948697113, https://leetcode.com/problems/isomorphic-strings,Not Done
63,Unique Paths II,34.6%,Medium,1.4252857596598822, https://leetcode.com/problems/unique-paths-ii,Not Done
1044,Longest Duplicate Substring,31.9%,Hard,1.4233794786674083, https://leetcode.com/problems/longest-duplicate-substring,Not Done
73,Set Matrix Zeroes,43.1%,Medium,1.412093837666145, https://leetcode.com/problems/set-matrix-zeroes,Not Done
480,Sliding Window Median,37.2%,Hard,1.4100242881620002, https://leetcode.com/problems/sliding-window-median,Not Done
68,Text Justification,27.7%,Hard,1.4086426277269546, https://leetcode.com/problems/text-justification,Not Done
232,Implement Queue using Stacks,49.6%,Easy,1.405609167303699, https://leetcode.com/problems/implement-queue-using-stacks,Not Done
628,Maximum Product of Three Numbers,47.1%,Easy,1.395625688548775, https://leetcode.com/problems/maximum-product-of-three-numbers,Not Done
442,Find All Duplicates in an Array,67.8%,Medium,1.3879078561527354, https://leetcode.com/problems/find-all-duplicates-in-an-array,Not Done
229,Majority Element II,35.6%,Medium,1.3878563920773277, https://leetcode.com/problems/majority-element-ii,Not Done
14,Longest Common Prefix,35.4%,Easy,1.3846092304355877, https://leetcode.com/problems/longest-common-prefix,Not Done
787,Cheapest Flights Within K Stops,39.3%,Medium,1.3785446949130122, https://leetcode.com/problems/cheapest-flights-within-k-stops,Not Done
340,Longest Substring with At Most K Distinct Characters,44.1%,Hard,1.376802072444063, https://leetcode.com/problems/longest-substring-with-at-most-k-distinct-characters,Not Done
325,Maximum Size Subarray Sum Equals k,46.8%,Medium,1.3718223285113562, https://leetcode.com/problems/maximum-size-subarray-sum-equals-k,Not Done
44,Wildcard Matching,24.7%,Hard,1.3612330189496715, https://leetcode.com/problems/wildcard-matching,Not Done
770,Basic Calculator IV,48.1%,Hard,1.349926716949016, https://leetcode.com/problems/basic-calculator-iv,Not Done
136,Single Number,65.5%,Easy,1.3484621511838726, https://leetcode.com/problems/single-number,Not Done
298,Binary Tree Longest Consecutive Sequence,47.1%,Medium,1.346804251413256, https://leetcode.com/problems/binary-tree-longest-consecutive-sequence,Not Done
329,Longest Increasing Path in a Matrix,43.4%,Hard,1.3445409323873254, https://leetcode.com/problems/longest-increasing-path-in-a-matrix,Not Done
943,Find the Shortest Superstring,42.9%,Hard,1.3440770366239985, https://leetcode.com/problems/find-the-shortest-superstring,Not Done
636,Exclusive Time of Functions,52.0%,Medium,1.337457727469282, https://leetcode.com/problems/exclusive-time-of-functions,Not Done
369,Plus One Linked List,58.2%,Medium,1.3373637376483103, https://leetcode.com/problems/plus-one-linked-list,Not Done
836,Rectangle Overlap,48.6%,Easy,1.3093762375177274, https://leetcode.com/problems/rectangle-overlap,Not Done
104,Maximum Depth of Binary Tree,66.0%,Easy,1.3036892816187775, https://leetcode.com/problems/maximum-depth-of-binary-tree,Not Done
28,Implement strStr(),34.5%,Easy,1.3004317080961885, https://leetcode.com/problems/implement-strstr,Not Done
652,Find Duplicate Subtrees,50.2%,Medium,1.2947555287452976, https://leetcode.com/problems/find-duplicate-subtrees,Not Done
6,ZigZag Conversion,36.3%,Medium,1.294591948439738, https://leetcode.com/problems/zigzag-conversion,Not Done
399,Evaluate Division,51.6%,Medium,1.2776123973076765, https://leetcode.com/problems/evaluate-division,Not Done
516,Longest Palindromic Subsequence,53.2%,Medium,1.2647788135797973, https://leetcode.com/problems/longest-palindromic-subsequence,Not Done
678,Valid Parenthesis String,31.0%,Medium,1.2621550094401792, https://leetcode.com/problems/valid-parenthesis-string,Not Done
30,Substring with Concatenation of All Words,25.4%,Hard,1.2576954927329822, https://leetcode.com/problems/substring-with-concatenation-of-all-words,Not Done
242,Valid Anagram,56.9%,Easy,1.2523912240430903, https://leetcode.com/problems/valid-anagram,Not Done
349,Intersection of Two Arrays,62.5%,Easy,1.250030477497439, https://leetcode.com/problems/intersection-of-two-arrays,Not Done
688,Knight Probability in Chessboard,48.9%,Medium,1.2499797771635763, https://leetcode.com/problems/knight-probability-in-chessboard,Not Done
981,Time Based Key-Value Store,53.1%,Medium,1.2475237673763375, https://leetcode.com/problems/time-based-key-value-store,Not Done
344,Reverse String,68.5%,Easy,1.246073823348854, https://leetcode.com/problems/reverse-string,Not Done
1011,Capacity To Ship Packages Within D Days,58.1%,Medium,1.2456439416601042, https://leetcode.com/problems/capacity-to-ship-packages-within-d-days,Not Done
301,Remove Invalid Parentheses,43.3%,Hard,1.2420369009788983, https://leetcode.com/problems/remove-invalid-parentheses,Not Done
29,Divide Two Integers,16.4%,Medium,1.2393242049042936, https://leetcode.com/problems/divide-two-integers,Not Done
112,Path Sum,41.2%,Easy,1.229277243236903, https://leetcode.com/problems/path-sum,Not Done
1038,Binary Search Tree to Greater Sum Tree,80.8%,Medium,1.2017796795353952, https://leetcode.com/problems/binary-search-tree-to-greater-sum-tree,Not Done
1100,Find K-Length Substrings With No Repeated Characters,72.7%,Medium,1.184336829809077, https://leetcode.com/problems/find-k-length-substrings-with-no-repeated-characters,Not Done
50,Pow(x;n),30.3%,Medium,1.1768920107434977, https://leetcode.com/problems/powx-n,Not Done
997,Find the Town Judge,50.1%,Easy,1.1748732874596588, https://leetcode.com/problems/find-the-town-judge,Not Done
37,Sudoku Solver,43.6%,Hard,1.1707049260761857, https://leetcode.com/problems/sudoku-solver,Not Done
805,Split Array With Same Average,26.4%,Hard,1.1685097282854882, https://leetcode.com/problems/split-array-with-same-average,Not Done
225,Implement Stack using Queues,45.1%,Easy,1.1607390767279342, https://leetcode.com/problems/implement-stack-using-queues,Not Done
854,K-Similar Strings,38.2%,Hard,1.159451415301, https://leetcode.com/problems/k-similar-strings,Not Done
230,Kth Smallest Element in a BST,60.2%,Medium,1.1554440075543555, https://leetcode.com/problems/kth-smallest-element-in-a-bst,Not Done
721,Accounts Merge,48.8%,Medium,1.132047679382686, https://leetcode.com/problems/accounts-merge,Not Done
622,Design Circular Queue,43.7%,Medium,1.1151322814092532, https://leetcode.com/problems/design-circular-queue,Not Done
409,Longest Palindrome,50.3%,Easy,1.111534519336826, https://leetcode.com/problems/longest-palindrome,Not Done
542,01 Matrix,39.8%,Medium,1.0983100368900796, https://leetcode.com/problems/01-matrix,Not Done
726,Number of Atoms,49.0%,Hard,1.0953173927712572, https://leetcode.com/problems/number-of-atoms,Not Done
426,Convert Binary Search Tree to Sorted Doubly Linked List,59.1%,Medium,1.0936982738656806, https://leetcode.com/problems/convert-binary-search-tree-to-sorted-doubly-linked-list,Not Done
352,Data Stream as Disjoint Intervals,47.3%,Hard,1.08883225961447, https://leetcode.com/problems/data-stream-as-disjoint-intervals,Not Done
794,Valid Tic-Tac-Toe State,32.6%,Medium,1.084013489246957, https://leetcode.com/problems/valid-tic-tac-toe-state,Not Done
430,Flatten a Multilevel Doubly Linked List,55.1%,Medium,1.0759104468012752, https://leetcode.com/problems/flatten-a-multilevel-doubly-linked-list,Not Done
257,Binary Tree Paths,51.5%,Easy,1.070178565070908, https://leetcode.com/problems/binary-tree-paths,Not Done
130,Surrounded Regions,28.1%,Medium,1.0580786465917589, https://leetcode.com/problems/surrounded-regions,Not Done
283,Move Zeroes,57.8%,Easy,1.0574179950057128, https://leetcode.com/problems/move-zeroes,Not Done
94,Binary Tree Inorder Traversal,63.3%,Medium,1.0494187495898502, https://leetcode.com/problems/binary-tree-inorder-traversal,Not Done
131,Palindrome Partitioning,47.5%,Medium,1.047877638079869, https://leetcode.com/problems/palindrome-partitioning,Not Done
81,Search in Rotated Sorted Array II,33.0%,Medium,1.0428016537891152, https://leetcode.com/problems/search-in-rotated-sorted-array-ii,Not Done
187,Repeated DNA Sequences,38.9%,Medium,1.0291054104877544, https://leetcode.com/problems/repeated-dna-sequences,Not Done
266,Palindrome Permutation,61.9%,Easy,1.0274940178688448, https://leetcode.com/problems/palindrome-permutation,Not Done
7,Reverse Integer,25.8%,Easy,1.0261569402361814, https://leetcode.com/problems/reverse-integer,Not Done
381,Insert Delete GetRandom O(1) - Duplicates allowed,34.1%,Hard,1.0261327161577256, https://leetcode.com/problems/insert-delete-getrandom-o1-duplicates-allowed,Not Done
498,Diagonal Traverse,48.2%,Medium,1.025668325492283, https://leetcode.com/problems/diagonal-traverse,Not Done
1219,Path with Maximum Gold,65.1%,Medium,1.0200550109500872, https://leetcode.com/problems/path-with-maximum-gold,Not Done
547,Friend Circles,58.6%,Medium,1.019483411931132, https://leetcode.com/problems/friend-circles,Not Done
86,Partition List,41.5%,Medium,1.013118527145907, https://leetcode.com/problems/partition-list,Not Done
1032,Stream of Characters,48.3%,Hard,0.9999747005961612, https://leetcode.com/problems/stream-of-characters,Not Done
508,Most Frequent Subtree Sum,57.9%,Medium,0.9932954993707268, https://leetcode.com/problems/most-frequent-subtree-sum,Not Done
226,Invert Binary Tree,65.0%,Easy,0.9901067136378104, https://leetcode.com/problems/invert-binary-tree,Not Done
279,Perfect Squares,47.4%,Medium,0.9886113934537812, https://leetcode.com/problems/perfect-squares,Not Done
181,Employees Earning More Than Their Managers,56.9%,Easy,0.985579855770324, https://leetcode.com/problems/employees-earning-more-than-their-managers,Not Done
114,Flatten Binary Tree to Linked List,49.3%,Medium,0.9793142651665018, https://leetcode.com/problems/flatten-binary-tree-to-linked-list,Not Done
647,Palindromic Substrings,60.6%,Medium,0.9683364874723026, https://leetcode.com/problems/palindromic-substrings,Not Done
412,Fizz Buzz,62.3%,Easy,0.9624576401607464, https://leetcode.com/problems/fizz-buzz,Not Done
108,Convert Sorted Array to Binary Search Tree,57.9%,Easy,0.9591890988977408, https://leetcode.com/problems/convert-sorted-array-to-binary-search-tree,Not Done
1236,Web Crawler,64.3%,Medium,0.9555114450274363, https://leetcode.com/problems/web-crawler,Not Done
1214,Two Sum BSTs,67.6%,Medium,0.954006931203018, https://leetcode.com/problems/two-sum-bsts,Not Done
993,Cousins in Binary Tree,52.0%,Easy,0.9498877429645216, https://leetcode.com/problems/cousins-in-binary-tree,Not Done
635,Design Log Storage System,58.6%,Medium,0.9448109538225702, https://leetcode.com/problems/design-log-storage-system,Not Done
186,Reverse Words in a String II,43.3%,Medium,0.9444616088408514, https://leetcode.com/problems/reverse-words-in-a-string-ii,Not Done
61,Rotate List,30.0%,Medium,0.9394615984241456, https://leetcode.com/problems/rotate-list,Not Done
1010,Pairs of Songs With Total Durations Divisible by 60,47.4%,Easy,0.9309111851217716, https://leetcode.com/problems/pairs-of-songs-with-total-durations-divisible-by-60,Not Done
34,Find First and Last Position of Element in Sorted Array,36.2%,Medium,0.9308485059516648, https://leetcode.com/problems/find-first-and-last-position-of-element-in-sorted-array,Not Done
175,Combine Two Tables,60.8%,Easy,0.922030457564559, https://leetcode.com/problems/combine-two-tables,Not Done
272,Closest Binary Search Tree Value II,50.5%,Hard,0.9186409092191088, https://leetcode.com/problems/closest-binary-search-tree-value-ii,Not Done
847,Shortest Path Visiting All Nodes,52.0%,Hard,0.9162907318741552, https://leetcode.com/problems/shortest-path-visiting-all-nodes,Not Done
243,Shortest Word Distance,61.0%,Easy,0.9156661872509608, https://leetcode.com/problems/shortest-word-distance,Not Done
204,Count Primes,31.5%,Easy,0.9131630637003948, https://leetcode.com/problems/count-primes,Not Done
142,Linked List Cycle II,37.3%,Medium,0.909052346912954, https://leetcode.com/problems/linked-list-cycle-ii,Not Done
69,Sqrt(x),33.9%,Easy,0.9075570519054004, https://leetcode.com/problems/sqrtx,Not Done
419,Battleships in a Board,70.0%,Medium,0.9066054261396912, https://leetcode.com/problems/battleships-in-a-board,Not Done
9,Palindrome Number,48.4%,Easy,0.9052618550446728, https://leetcode.com/problems/palindrome-number,Not Done
166,Fraction to Recurring Decimal,21.6%,Medium,0.9045168564220636, https://leetcode.com/problems/fraction-to-recurring-decimal,Not Done
1046,Last Stone Weight,62.2%,Easy,0.9036810503424428, https://leetcode.com/problems/last-stone-weight,Not Done
463,Island Perimeter,65.7%,Easy,0.8977583255430246, https://leetcode.com/problems/island-perimeter,Not Done
406,Queue Reconstruction by Height,66.9%,Medium,0.8962159099714784, https://leetcode.com/problems/queue-reconstruction-by-height,Not Done
978,Longest Turbulent Subarray,46.6%,Medium,0.8950133334268702, https://leetcode.com/problems/longest-turbulent-subarray,Not Done
162,Find Peak Element,43.3%,Medium,0.8892686044386049, https://leetcode.com/problems/find-peak-element,Not Done
366,Find Leaves of Binary Tree,70.6%,Medium,0.8839553512312186, https://leetcode.com/problems/find-leaves-of-binary-tree,Not Done
690,Employee Importance,57.3%,Easy,0.8612515751610689, https://leetcode.com/problems/employee-importance,Not Done
698,Partition to K Equal Sum Subsets,45.0%,Medium,0.8606112189040876, https://leetcode.com/problems/partition-to-k-equal-sum-subsets,Not Done
528,Random Pick with Weight,43.9%,Medium,0.8537872448627086, https://leetcode.com/problems/random-pick-with-weight,Not Done
38,Count and Say,44.6%,Easy,0.8451621282279073, https://leetcode.com/problems/count-and-say,Not Done
986,Interval List Intersections,67.3%,Medium,0.8448005501549813, https://leetcode.com/problems/interval-list-intersections,Not Done
699,Falling Squares,41.8%,Hard,0.8425641237370047, https://leetcode.com/problems/falling-squares,Not Done
708,Insert into a Sorted Circular Linked List,31.6%,Medium,0.8412486926027506, https://leetcode.com/problems/insert-into-a-sorted-circular-linked-list,Not Done
316,Remove Duplicate Letters,35.8%,Hard,0.8355264862628056, https://leetcode.com/problems/remove-duplicate-letters,Not Done
110,Balanced Binary Tree,43.5%,Easy,0.8264802107756979, https://leetcode.com/problems/balanced-binary-tree,Not Done
1024,Video Stitching,49.2%,Medium,0.8252998676956634, https://leetcode.com/problems/video-stitching,Not Done
428,Serialize and Deserialize N-ary Tree,59.4%,Hard,0.8248969236980369, https://leetcode.com/problems/serialize-and-deserialize-n-ary-tree,Not Done
443,String Compression,41.3%,Easy,0.8171356348259033, https://leetcode.com/problems/string-compression,Not Done
402,Remove K Digits,28.4%,Medium,0.8014370748648341, https://leetcode.com/problems/remove-k-digits,Not Done
361,Bomb Enemy,46.0%,Medium,0.7976598792954321, https://leetcode.com/problems/bomb-enemy,Not Done
233,Number of Digit One,31.3%,Hard,0.795650018929816, https://leetcode.com/problems/number-of-digit-one,Not Done
658,Find K Closest Elements,40.9%,Medium,0.7930910425507767, https://leetcode.com/problems/find-k-closest-elements,Not Done
451,Sort Characters By Frequency,63.0%,Medium,0.7861677199821956, https://leetcode.com/problems/sort-characters-by-frequency,Not Done
351,Android Unlock Patterns,48.4%,Medium,0.7857399673877702, https://leetcode.com/problems/android-unlock-patterns,Not Done
350,Intersection of Two Arrays II,51.4%,Easy,0.7772102863639844, https://leetcode.com/problems/intersection-of-two-arrays-ii,Not Done
632,Smallest Range Covering Elements from K Lists,52.4%,Hard,0.7767122589059875, https://leetcode.com/problems/smallest-range-covering-elements-from-k-lists,Not Done
159,Longest Substring with At Most Two Distinct Characters,49.4%,Medium,0.771917623430825, https://leetcode.com/problems/longest-substring-with-at-most-two-distinct-characters,Not Done
843,Guess the Word,46.1%,Hard,0.7713993774596936, https://leetcode.com/problems/guess-the-word,Not Done
421,Maximum XOR of Two Numbers in an Array,53.5%,Medium,0.7687845947655654, https://leetcode.com/problems/maximum-xor-of-two-numbers-in-an-array,Not Done
198,House Robber,42.0%,Easy,0.7668348963511045, https://leetcode.com/problems/house-robber,Not Done
432,All O`one Data Structure,32.4%,Hard,0.7611889165572873, https://leetcode.com/problems/all-oone-data-structure,Not Done
992,Subarrays with K Different Integers,48.6%,Hard,0.7610084034915754, https://leetcode.com/problems/subarrays-with-k-different-integers,Not Done
785,Is Graph Bipartite?,47.5%,Medium,0.7560954548741816, https://leetcode.com/problems/is-graph-bipartite,Not Done
280,Wiggle Sort,63.8%,Medium,0.7489731078762181, https://leetcode.com/problems/wiggle-sort,Not Done
337,House Robber III,50.6%,Medium,0.7463018264794276, https://leetcode.com/problems/house-robber-iii,Not Done
807,Max Increase to Keep City Skyline,83.7%,Medium,0.7460467230427119, https://leetcode.com/problems/max-increase-to-keep-city-skyline,Not Done
465,Optimal Account Balancing,46.9%,Hard,0.7448354308022082, https://leetcode.com/problems/optimal-account-balancing,Not Done
410,Split Array Largest Sum,44.5%,Hard,0.7441136241519729, https://leetcode.com/problems/split-array-largest-sum,Not Done
189,Rotate Array,34.7%,Easy,0.7416200263554233, https://leetcode.com/problems/rotate-array,Not Done
125,Valid Palindrome,36.7%,Easy,0.7351769408009121, https://leetcode.com/problems/valid-palindrome,Not Done
1197,Minimum Knight Moves,36.1%,Medium,0.7348429454547184, https://leetcode.com/problems/minimum-knight-moves,Not Done
662,Maximum Width of Binary Tree,41.0%,Medium,0.7347174711149875, https://leetcode.com/problems/maximum-width-of-binary-tree,Not Done
1083,Sales Analysis II,50.5%,Easy,0.7337661087783554, https://leetcode.com/problems/sales-analysis-ii,Not Done
83,Remove Duplicates from Sorted List,45.4%,Easy,0.730981926104529, https://leetcode.com/problems/remove-duplicates-from-sorted-list,Not Done
40,Combination Sum II,48.2%,Medium,0.7232478059561983, https://leetcode.com/problems/combination-sum-ii,Not Done
1215,Stepping Numbers,41.6%,Medium,0.7221347174331976, https://leetcode.com/problems/stepping-numbers,Not Done
735,Asteroid Collision,41.0%,Medium,0.7215266298498505, https://leetcode.com/problems/asteroid-collision,Not Done
82,Remove Duplicates from Sorted List II,36.8%,Medium,0.7214631006772332, https://leetcode.com/problems/remove-duplicates-from-sorted-list-ii,Not Done
310,Minimum Height Trees,32.3%,Medium,0.7161015166290298, https://leetcode.com/problems/minimum-height-trees,Not Done
737,Sentence Similarity II,45.8%,Medium,0.7142005897577777, https://leetcode.com/problems/sentence-similarity-ii,Not Done
129,Sum Root to Leaf Numbers,49.1%,Medium,0.7121953755306398, https://leetcode.com/problems/sum-root-to-leaf-numbers,Not Done
171,Excel Sheet Column Number,55.9%,Easy,0.7011365705934242, https://leetcode.com/problems/excel-sheet-column-number,Not Done
328,Odd Even Linked List,55.7%,Medium,0.7005054248546695, https://leetcode.com/problems/odd-even-linked-list,Not Done
617,Merge Two Binary Trees,74.1%,Easy,0.6951157871118873, https://leetcode.com/problems/merge-two-binary-trees,Not Done
1429,First Unique Number,47.0%,Medium,0.6890063878939139, https://leetcode.com/problems/first-unique-number,Not Done
1086,High Five,79.7%,Easy,0.6845809442085066, https://leetcode.com/problems/high-five,Not Done
231,Power of Two,43.7%,Easy,0.682325628816767, https://leetcode.com/problems/power-of-two,Not Done
525,Contiguous Array,42.8%,Medium,0.6818617943282788, https://leetcode.com/problems/contiguous-array,Not Done
65,Valid Number,15.3%,Hard,0.6815191425648263, https://leetcode.com/problems/valid-number,Not Done
151,Reverse Words in a String,21.9%,Medium,0.6738045182437734, https://leetcode.com/problems/reverse-words-in-a-string,Not Done
164,Maximum Gap,35.5%,Hard,0.669776346792018, https://leetcode.com/problems/maximum-gap,Not Done
356,Line Reflection,31.8%,Medium,0.6661590358422984, https://leetcode.com/problems/line-reflection,Not Done
509,Fibonacci Number,67.2%,Easy,0.664818212517161, https://leetcode.com/problems/fibonacci-number,Not Done
161,One Edit Distance,32.3%,Medium,0.6540741942599814, https://leetcode.com/problems/one-edit-distance,Not Done
901,Online Stock Span,60.2%,Medium,0.6528732814220053, https://leetcode.com/problems/online-stock-span,Not Done
202,Happy Number,50.4%,Easy,0.6446045105137912, https://leetcode.com/problems/happy-number,Not Done
1229,Meeting Scheduler,52.7%,Medium,0.6314473591904302, https://leetcode.com/problems/meeting-scheduler,Not Done
517,Super Washing Machines,38.3%,Hard,0.6257058997644127, https://leetcode.com/problems/super-washing-machines,Not Done
1275,Find Winner on a Tic Tac Toe Game,52.8%,Easy,0.6257058997644127, https://leetcode.com/problems/find-winner-on-a-tic-tac-toe-game,Not Done
1022,Sum of Root To Leaf Binary Numbers,67.2%,Easy,0.6177234187427034, https://leetcode.com/problems/sum-of-root-to-leaf-binary-numbers,Not Done
90,Subsets II,47.1%,Medium,0.6039160468320026, https://leetcode.com/problems/subsets-ii,Not Done
775,Global and Local Inversions,42.1%,Medium,0.6030598245224211, https://leetcode.com/problems/global-and-local-inversions,Not Done
26,Remove Duplicates from Sorted Array,45.1%,Easy,0.599298406136, https://leetcode.com/problems/remove-duplicates-from-sorted-array,Not Done
433,Minimum Genetic Mutation,41.8%,Medium,0.5978370007556205, https://leetcode.com/problems/minimum-genetic-mutation,Not Done
137,Single Number II,52.4%,Medium,0.5915614413251872, https://leetcode.com/problems/single-number-ii,Not Done
184,Department Highest Salary,36.7%,Medium,0.5872611788154078, https://leetcode.com/problems/department-highest-salary,Not Done
1004,Max Consecutive Ones III,59.1%,Medium,0.5826782301065547, https://leetcode.com/problems/max-consecutive-ones-iii,Not Done
407,Trapping Rain Water II,42.4%,Hard,0.5801132920909243, https://leetcode.com/problems/trapping-rain-water-ii,Not Done
377,Combination Sum IV,45.3%,Medium,0.5650260806636703, https://leetcode.com/problems/combination-sum-iv,Not Done
106,Construct Binary Tree from Inorder and Postorder Traversal,47.2%,Medium,0.5648490640754893, https://leetcode.com/problems/construct-binary-tree-from-inorder-and-postorder-traversal,Not Done
1166,Design File System,56.8%,Medium,0.5632107588532816, https://leetcode.com/problems/design-file-system,Not Done
634,Find the Derangement of An Array,40.1%,Medium,0.5623075796011341, https://leetcode.com/problems/find-the-derangement-of-an-array,Not Done
725,Split Linked List in Parts,52.2%,Medium,0.5618008463726617, https://leetcode.com/problems/split-linked-list-in-parts,Not Done
729,My Calendar I,51.8%,Medium,0.5604105952365035, https://leetcode.com/problems/my-calendar-i,Not Done
132,Palindrome Partitioning II,30.2%,Hard,0.5586434981164835, https://leetcode.com/problems/palindrome-partitioning-ii,Not Done
929,Unique Email Addresses,67.4%,Easy,0.5581981986897957, https://leetcode.com/problems/unique-email-addresses,Not Done
250,Count Univalue Subtrees,52.0%,Medium,0.558033091746432, https://leetcode.com/problems/count-univalue-subtrees,Not Done
118,Pascal's Triangle,52.5%,Easy,0.5577273046973674, https://leetcode.com/problems/pascals-triangle,Not Done
217,Contains Duplicate,56.0%,Easy,0.5572210986447601, https://leetcode.com/problems/contains-duplicate,Not Done
60,Permutation Sequence,38.4%,Hard,0.556508587092674, https://leetcode.com/problems/permutation-sequence,Not Done
296,Best Meeting Point,57.5%,Hard,0.5549418894757348, https://leetcode.com/problems/best-meeting-point,Not Done
66,Plus One,43.0%,Easy,0.5511076914704698, https://leetcode.com/problems/plus-one,Not Done
355,Design Twitter,30.3%,Medium,0.5507956812780529, https://leetcode.com/problems/design-twitter,Done
715,Range Module,38.5%,Hard,0.537142932083364, https://leetcode.com/problems/range-module,Not Done
765,Couples Holding Hands,54.3%,Hard,0.5357102670818683, https://leetcode.com/problems/couples-holding-hands,Not Done
611,Valid Triangle Number,48.4%,Medium,0.5280674302004967, https://leetcode.com/problems/valid-triangle-number,Not Done
299,Bulls and Cows,42.4%,Easy,0.5254422055488193, https://leetcode.com/problems/bulls-and-cows,Not Done
415,Add Strings,47.5%,Easy,0.523163516336748, https://leetcode.com/problems/add-strings,Not Done
209,Minimum Size Subarray Sum,38.2%,Medium,0.521415737867371, https://leetcode.com/problems/minimum-size-subarray-sum,Not Done
557,Reverse Words in a String III,69.8%,Easy,0.517303044429081, https://leetcode.com/problems/reverse-words-in-a-string-iii,Not Done
719,Find K-th Smallest Pair Distance,31.5%,Hard,0.516327700919974, https://leetcode.com/problems/find-k-th-smallest-pair-distance,Not Done
335,Self Crossing,28.0%,Hard,0.5141813316129631, https://leetcode.com/problems/self-crossing,Not Done
393,UTF-8 Validation,37.5%,Medium,0.5140462384660329, https://leetcode.com/problems/utf-8-validation,Not Done
192,Word Frequency,25.8%,Medium,0.5129680991436376, https://leetcode.com/problems/word-frequency,Not Done
1057,Campus Bikes,57.7%,Medium,0.50861323348305, https://leetcode.com/problems/campus-bikes,Not Done
701,Insert into a Binary Search Tree,77.7%,Medium,0.5073781550220846, https://leetcode.com/problems/insert-into-a-binary-search-tree,Not Done
771,Jewels and Stones,86.4%,Easy,0.5067229036260024, https://leetcode.com/problems/jewels-and-stones,Not Done
686,Repeated String Match,32.3%,Easy,0.5010216236693699, https://leetcode.com/problems/repeated-string-match,Not Done
541,Reverse String II,48.4%,Easy,0.4958227557080944, https://leetcode.com/problems/reverse-string-ii,Not Done
637,Average of Levels in Binary Tree,63.1%,Easy,0.4952171260488153, https://leetcode.com/problems/average-of-levels-in-binary-tree,Not Done
163,Missing Ranges,24.3%,Medium,0.4918226766403752, https://leetcode.com/problems/missing-ranges,Not Done
743,Network Delay Time,45.0%,Medium,0.4876019541934417, https://leetcode.com/problems/network-delay-time,Not Done
365,Water and Jug Problem,30.6%,Medium,0.4868470419092762, https://leetcode.com/problems/water-and-jug-problem,Not Done
319,Bulb Switcher,45.4%,Medium,0.4784902431230542, https://leetcode.com/problems/bulb-switcher,Not Done
395,Longest Substring with At Least K Repeating Characters,41.4%,Medium,0.4781706784192788, https://leetcode.com/problems/longest-substring-with-at-least-k-repeating-characters,Not Done
339,Nested List Weight Sum,74.0%,Easy,0.4753424701945711, https://leetcode.com/problems/nested-list-weight-sum,Not Done
1031,Maximum Sum of Two Non-Overlapping Subarrays,57.9%,Medium,0.4730707544530479, https://leetcode.com/problems/maximum-sum-of-two-non-overlapping-subarrays,Not Done
1122,Relative Sort Array,67.7%,Easy,0.4708730325172898, https://leetcode.com/problems/relative-sort-array,Not Done
89,Gray Code,49.1%,Medium,0.4705903115740917, https://leetcode.com/problems/gray-code,Not Done
111,Minimum Depth of Binary Tree,37.4%,Easy,0.4696714585069231, https://leetcode.com/problems/minimum-depth-of-binary-tree,Not Done
371,Sum of Two Integers,50.7%,Medium,0.4690293587643483, https://leetcode.com/problems/sum-of-two-integers,Not Done
558,Logical OR of Two Binary Grids Represented as Quad-Trees,44.6%,Medium,0.46813621507094, https://leetcode.com/problems/logical-or-of-two-binary-grids-represented-as-quad-trees,Not Done
844,Backspace String Compare,46.4%,Easy,0.4674181924248552, https://leetcode.com/problems/backspace-string-compare,Not Done
354,Russian Doll Envelopes,35.6%,Hard,0.4663991837410869, https://leetcode.com/problems/russian-doll-envelopes,Not Done
773,Sliding Puzzle,59.3%,Hard,0.4639613147897729, https://leetcode.com/problems/sliding-puzzle,Not Done
1161,Maximum Level Sum of a Binary Tree,72.2%,Medium,0.4628414913460726, https://leetcode.com/problems/maximum-level-sum-of-a-binary-tree,Not Done
413,Arithmetic Slices,57.9%,Medium,0.4599496520697785, https://leetcode.com/problems/arithmetic-slices,Not Done
515,Find Largest Value in Each Tree Row,61.1%,Medium,0.4594054982539122, https://leetcode.com/problems/find-largest-value-in-each-tree-row,Not Done
427,Construct Quad Tree,61.4%,Medium,0.4585749334221127, https://leetcode.com/problems/construct-quad-tree,Not Done
450,Delete Node in a BST,43.1%,Medium,0.4484923400243754, https://leetcode.com/problems/delete-node-in-a-bst,Not Done
100,Same Tree,53.4%,Easy,0.4469899448016829, https://leetcode.com/problems/same-tree,Not Done
468,Validate IP Address,24.1%,Medium,0.4455851018975896, https://leetcode.com/problems/validate-ip-address,Not Done
305,Number of Islands II,40.1%,Hard,0.4429378468770826, https://leetcode.com/problems/number-of-islands-ii,Not Done
1002,Find Common Characters,67.6%,Easy,0.4408703809219226, https://leetcode.com/problems/find-common-characters,Not Done
1172,Dinner Plate Stacks,38.2%,Hard,0.4405961996298221, https://leetcode.com/problems/dinner-plate-stacks,Not Done
1360,Number of Days Between Two Dates,48.8%,Easy,0.4405961996298221, https://leetcode.com/problems/number-of-days-between-two-dates,Not Done
1019,Next Greater Node In Linked List,57.4%,Medium,0.4355749095795348, https://leetcode.com/problems/next-greater-node-in-linked-list,Not Done
473,Matchsticks to Square,37.7%,Medium,0.4280012731305774, https://leetcode.com/problems/matchsticks-to-square,Not Done
727,Minimum Window Subsequence,41.8%,Hard,0.4254657748148339, https://leetcode.com/problems/minimum-window-subsequence,Not Done
183,Customers Who Never Order,53.4%,Easy,0.4236099358143671, https://leetcode.com/problems/customers-who-never-order,Not Done
1130,Minimum Cost Tree From Leaf Values,66.1%,Medium,0.4220078582401725, https://leetcode.com/problems/minimum-cost-tree-from-leaf-values,Not Done
683,K Empty Slots,35.6%,Hard,0.4194815100817001, https://leetcode.com/problems/k-empty-slots,Not Done
43,Multiply Strings,33.9%,Medium,0.4165805632455258, https://leetcode.com/problems/multiply-strings,Not Done
849,Maximize Distance to Closest Person,42.6%,Easy,0.414728332240037, https://leetcode.com/problems/maximize-distance-to-closest-person,Not Done
178,Rank Scores,45.8%,Medium,0.4134735808365019, https://leetcode.com/problems/rank-scores,Not Done
222,Count Complete Tree Nodes,46.8%,Medium,0.4108610156284672, https://leetcode.com/problems/count-complete-tree-nodes,Not Done
304,Range Sum Query 2D - Immutable,38.6%,Medium,0.4083797123282451, https://leetcode.com/problems/range-sum-query-2d-immutable,Not Done
1094,Car Pooling,56.7%,Medium,0.4068302960335043, https://leetcode.com/problems/car-pooling,Not Done
1066,Campus Bikes II,54.2%,Medium,0.4003237086077457, https://leetcode.com/problems/campus-bikes-ii,Not Done
416,Partition Equal Subset Sum,43.7%,Medium,0.3992663644674847, https://leetcode.com/problems/partition-equal-subset-sum,Not Done
1335,Minimum Difficulty of a Job Schedule,57.6%,Hard,0.3963047387095001, https://leetcode.com/problems/minimum-difficulty-of-a-job-schedule,Not Done
241,Different Ways to Add Parentheses,55.2%,Medium,0.3951916126129905, https://leetcode.com/problems/different-ways-to-add-parentheses,Not Done
145,Binary Tree Postorder Traversal,55.0%,Hard,0.393895514854386, https://leetcode.com/problems/binary-tree-postorder-traversal,Not Done
1373,Maximum Sum BST in Binary Tree,40.2%,Hard,0.3931870863397553, https://leetcode.com/problems/maximum-sum-bst-in-binary-tree,Not Done
687,Longest Univalue Path,36.2%,Easy,0.3931020393744504, https://leetcode.com/problems/longest-univalue-path,Not Done
47,Permutations II,46.4%,Medium,0.389543155097579, https://leetcode.com/problems/permutations-ii,Not Done
1188,Design Bounded Blocking Queue,70.5%,Medium,0.3828597229337993, https://leetcode.com/problems/design-bounded-blocking-queue,Not Done
237,Delete Node in a Linked List,63.8%,Easy,0.3822006606760044, https://leetcode.com/problems/delete-node-in-a-linked-list,Not Done
1074,Number of Submatrices That Sum to Target,60.4%,Hard,0.3792953903747796, https://leetcode.com/problems/number-of-submatrices-that-sum-to-target,Not Done
646,Maximum Length of Pair Chain,51.9%,Medium,0.378500746469809, https://leetcode.com/problems/maximum-length-of-pair-chain,Not Done
924,Minimize Malware Spread,42.0%,Hard,0.3764775712349121, https://leetcode.com/problems/minimize-malware-spread,Not Done
321,Create Maximum Number,27.0%,Hard,0.3764775712349121, https://leetcode.com/problems/create-maximum-number,Not Done
1084,Sales Analysis III,54.3%,Easy,0.3764058763682338, https://leetcode.com/problems/sales-analysis-iii,Not Done
567,Permutation in String,44.4%,Medium,0.3753991491719517, https://leetcode.com/problems/permutation-in-string,Not Done
307,Range Sum Query - Mutable,34.6%,Medium,0.3752202920857025, https://leetcode.com/problems/range-sum-query-mutable,Not Done
969,Pancake Sorting,67.5%,Medium,0.373513508301562, https://leetcode.com/problems/pancake-sorting,Not Done
889,Construct Binary Tree from Preorder and Postorder Traversal,66.2%,Medium,0.3731218633879398, https://leetcode.com/problems/construct-binary-tree-from-preorder-and-postorder-traversal,Not Done
115,Distinct Subsequences,38.3%,Hard,0.3722680298677468, https://leetcode.com/problems/distinct-subsequences,Not Done
1081,Smallest Subsequence of Distinct Characters,50.4%,Medium,0.3663623820944218, https://leetcode.com/problems/smallest-subsequence-of-distinct-characters,Not Done
1143,Longest Common Subsequence,58.4%,Medium,0.3610805787559445, https://leetcode.com/problems/longest-common-subsequence,Not Done
214,Shortest Palindrome,29.8%,Hard,0.3549342994609483, https://leetcode.com/problems/shortest-palindrome,Not Done
345,Reverse Vowels of a String,44.2%,Easy,0.3540732478538936, https://leetcode.com/problems/reverse-vowels-of-a-string,Not Done
783,Minimum Distance Between BST Nodes,52.6%,Easy,0.3539505992522855, https://leetcode.com/problems/minimum-distance-between-bst-nodes,Not Done
264,Ugly Number II,42.0%,Medium,0.3507924879588455, https://leetcode.com/problems/ugly-number-ii,Not Done
180,Consecutive Numbers,39.7%,Medium,0.3460521052264211, https://leetcode.com/problems/consecutive-numbers,Not Done
618,Students Report By Geography,55.0%,Hard,0.3456047201844854, https://leetcode.com/problems/students-report-by-geography,Not Done
107,Binary Tree Level Order Traversal II,53.5%,Easy,0.3453169851749328, https://leetcode.com/problems/binary-tree-level-order-traversal-ii,Not Done
905,Sort Array By Parity,74.1%,Easy,0.341971477151261, https://leetcode.com/problems/sort-array-by-parity,Not Done
860,Lemonade Change,51.6%,Easy,0.3414432493432333, https://leetcode.com/problems/lemonade-change,Not Done
581,Shortest Unsorted Continuous Subarray,31.1%,Easy,0.3409713587464731, https://leetcode.com/problems/shortest-unsorted-continuous-subarray,Not Done
334,Increasing Triplet Subsequence,40.0%,Medium,0.3398198098731761, https://leetcode.com/problems/increasing-triplet-subsequence,Not Done
390,Elimination Game,44.5%,Medium,0.3379069570968732, https://leetcode.com/problems/elimination-game,Not Done
579,Find Cumulative Salary of an Employee,37.0%,Hard,0.3371880562652357, https://leetcode.com/problems/find-cumulative-salary-of-an-employee,Not Done
262,Trips and Users,32.7%,Hard,0.3362391635517509, https://leetcode.com/problems/trips-and-users,Not Done
1405,Longest Happy String,49.0%,Medium,0.3360157198362929, https://leetcode.com/problems/longest-happy-string,Not Done
420,Strong Password Checker,14.0%,Hard,0.3319626461152379, https://leetcode.com/problems/strong-password-checker,Not Done
827,Making A Large Island,45.7%,Hard,0.3287959951597756, https://leetcode.com/problems/making-a-large-island,Not Done
1315,Sum of Nodes with Even-Valued Grandparent,83.5%,Medium,0.3281156420302715, https://leetcode.com/problems/sum-of-nodes-with-even-valued-grandparent,Not Done
1062,Longest Repeating Substring,57.2%,Medium,0.3260915205666521, https://leetcode.com/problems/longest-repeating-substring,Not Done
447,Number of Boomerangs,51.8%,Easy,0.3247560447092981, https://leetcode.com/problems/number-of-boomerangs,Not Done
532,K-diff Pairs in an Array,31.6%,Easy,0.3242396681855785, https://leetcode.com/problems/k-diff-pairs-in-an-array,Not Done
1311,Get Watched Videos by Your Friends,43.1%,Medium,0.320742934712669, https://leetcode.com/problems/get-watched-videos-by-your-friends,Not Done
290,Word Pattern,37.0%,Easy,0.3192131286996436, https://leetcode.com/problems/word-pattern,Not Done
876,Middle of the Linked List,68.4%,Easy,0.3184885215929062, https://leetcode.com/problems/middle-of-the-linked-list,Not Done
710,Random Pick with Blacklist,32.5%,Hard,0.3161972427598021, https://leetcode.com/problems/random-pick-with-blacklist,Not Done
918,Maximum Sum Circular Subarray,33.7%,Medium,0.3159174468224791, https://leetcode.com/problems/maximum-sum-circular-subarray,Not Done
191,Number of 1 Bits,49.8%,Easy,0.3130010523836308, https://leetcode.com/problems/number-of-1-bits,Not Done
873,Length of Longest Fibonacci Subsequence,48.0%,Medium,0.3119103412765537, https://leetcode.com/problems/length-of-longest-fibonacci-subsequence,Not Done
586,Customer Placing the Largest Number of Orders,73.0%,Easy,0.3115185206062921, https://leetcode.com/problems/customer-placing-the-largest-number-of-orders,Not Done
383,Ransom Note,53.1%,Easy,0.3074846997479606, https://leetcode.com/problems/ransom-note,Not Done
174,Dungeon Game,32.3%,Hard,0.3059581624329951, https://leetcode.com/problems/dungeon-game,Not Done
657,Robot Return to Origin,73.5%,Easy,0.3057301423234838, https://leetcode.com/problems/robot-return-to-origin,Not Done
841,Keys and Rooms,64.3%,Medium,0.2975144636041646, https://leetcode.com/problems/keys-and-rooms,Not Done
1244,Design A Leaderboard,60.7%,Medium,0.296819464701219, https://leetcode.com/problems/design-a-leaderboard,Not Done
938,Range Sum of BST,81.3%,Easy,0.2962207121785262, https://leetcode.com/problems/range-sum-of-bst,Not Done
95,Unique Binary Search Trees II,40.6%,Medium,0.2958298345782864, https://leetcode.com/problems/unique-binary-search-trees-ii,Not Done
203,Remove Linked List Elements,38.6%,Easy,0.2939088371982251, https://leetcode.com/problems/remove-linked-list-elements,Not Done
359,Logger Rate Limiter,70.8%,Easy,0.2929871246814741, https://leetcode.com/problems/logger-rate-limiter,Not Done
919,Complete Binary Tree Inserter,57.3%,Medium,0.2914344220703314, https://leetcode.com/problems/complete-binary-tree-inserter,Not Done
796,Rotate String,49.6%,Easy,0.2892209288724117, https://leetcode.com/problems/rotate-string,Not Done
559,Maximum Depth of N-ary Tree,68.7%,Easy,0.2880268405986195, https://leetcode.com/problems/maximum-depth-of-n-ary-tree,Not Done
158,Read N Characters Given Read4 II - Call multiple times,33.8%,Hard,0.2815251347893198, https://leetcode.com/problems/read-n-characters-given-read4-ii-call-multiple-times,Not Done
1104,Path In Zigzag Labelled Binary Tree,72.0%,Medium,0.2805718342692762, https://leetcode.com/problems/path-in-zigzag-labelled-binary-tree,Not Done
382,Linked List Random Node,52.1%,Medium,0.2802157173642045, https://leetcode.com/problems/linked-list-random-node,Not Done
732,My Calendar III,60.0%,Hard,0.2795848622191615, https://leetcode.com/problems/my-calendar-iii,Not Done
1007,Minimum Domino Rotations For Equal Row,50.0%,Medium,0.2754935559092837, https://leetcode.com/problems/minimum-domino-rotations-for-equal-row,Not Done
244,Shortest Word Distance II,52.3%,Medium,0.2752286113804943, https://leetcode.com/problems/shortest-word-distance-ii,Not Done
77,Combinations,54.7%,Medium,0.2744115848838137, https://leetcode.com/problems/combinations,Not Done
414,Third Maximum Number,30.5%,Easy,0.2737911401418798, https://leetcode.com/problems/third-maximum-number,Not Done
1108,Defanging an IP Address,87.5%,Easy,0.2707502055815414, https://leetcode.com/problems/defanging-an-ip-address,Not Done
1013,Partition Array Into Three Parts With Equal Sum,51.8%,Easy,0.2632906193276217, https://leetcode.com/problems/partition-array-into-three-parts-with-equal-sum,Not Done
119,Pascal's Triangle II,49.0%,Easy,0.2616967461147232, https://leetcode.com/problems/pascals-triangle-ii,Not Done
1139,Largest 1-Bordered Square,47.5%,Medium,0.26159729523649, https://leetcode.com/problems/largest-1-bordered-square,Not Done
746,Min Cost Climbing Stairs,50.3%,Easy,0.2611871459932078, https://leetcode.com/problems/min-cost-climbing-stairs,Not Done
453,Minimum Moves to Equal Array Elements,50.2%,Easy,0.2605310833858301, https://leetcode.com/problems/minimum-moves-to-equal-array-elements,Not Done
466,Count The Repetitions,28.2%,Hard,0.2561688067457042, https://leetcode.com/problems/count-the-repetitions,Not Done
570,Managers with at Least 5 Direct Reports,66.0%,Medium,0.2553466918088445, https://leetcode.com/problems/managers-with-at-least-5-direct-reports,Not Done
609,Find Duplicate File in System,59.5%,Medium,0.2538801769623398, https://leetcode.com/problems/find-duplicate-file-in-system,Not Done
762,Prime Number of Set Bits in Binary Representation,63.2%,Easy,0.2477932978823272, https://leetcode.com/problems/prime-number-of-set-bits-in-binary-representation,Not Done
368,Largest Divisible Subset,38.0%,Medium,0.2447874384312049, https://leetcode.com/problems/largest-divisible-subset,Not Done
881,Boats to Save People,46.8%,Medium,0.2432052795316472, https://leetcode.com/problems/boats-to-save-people,Not Done
452,Minimum Number of Arrows to Burst Balloons,49.6%,Medium,0.2384336881322831, https://leetcode.com/problems/minimum-number-of-arrows-to-burst-balloons,Not Done
731,My Calendar II,49.1%,Medium,0.2363887780642304, https://leetcode.com/problems/my-calendar-ii,Not Done
1047,Remove All Adjacent Duplicates In String,68.6%,Easy,0.2360081947291865, https://leetcode.com/problems/remove-all-adjacent-duplicates-in-string,Not Done
779,K-th Symbol in Grammar,37.2%,Medium,0.2353022010626063, https://leetcode.com/problems/k-th-symbol-in-grammar,Not Done
1270,All People Report to the Given Manager,87.1%,Medium,0.2349935912317055, https://leetcode.com/problems/all-people-report-to-the-given-manager,Not Done
507,Perfect Number,35.5%,Easy,0.2349381278070467, https://leetcode.com/problems/perfect-number,Not Done
35,Search Insert Position,42.6%,Easy,0.2326925971273878, https://leetcode.com/problems/search-insert-position,Not Done
397,Integer Replacement,32.9%,Medium,0.2322522675124501, https://leetcode.com/problems/integer-replacement,Not Done
811,Subdomain Visit Count,69.9%,Easy,0.225530019773288, https://leetcode.com/problems/subdomain-visit-count,Not Done
311,Sparse Matrix Multiplication,61.9%,Medium,0.2253882211680336, https://leetcode.com/problems/sparse-matrix-multiplication,Not Done
939,Minimum Area Rectangle,51.8%,Medium,0.2169226914391073, https://leetcode.com/problems/minimum-area-rectangle,Not Done
435,Non-overlapping Intervals,42.9%,Medium,0.215649925240023, https://leetcode.com/problems/non-overlapping-intervals,Not Done
669,Trim a Binary Search Tree,63.0%,Easy,0.2124586512141933, https://leetcode.com/problems/trim-a-binary-search-tree,Not Done
626,Exchange Seats,62.3%,Medium,0.2103276955423123, https://leetcode.com/problems/exchange-seats,Not Done
741,Cherry Pickup,33.9%,Hard,0.2090917978585594, https://leetcode.com/problems/cherry-pickup,Not Done
862,Shortest Subarray with Sum at Least K,24.6%,Hard,0.2082420770014118, https://leetcode.com/problems/shortest-subarray-with-sum-at-least-k,Not Done
1249,Minimum Remove to Make Valid Parentheses,62.5%,Medium,0.2077836961633546, https://leetcode.com/problems/minimum-remove-to-make-valid-parentheses,Not Done
1202,Smallest String With Swaps,46.5%,Medium,0.2071597101203954, https://leetcode.com/problems/smallest-string-with-swaps,Not Done
604,Design Compressed String Iterator,37.5%,Easy,0.2058520542041487, https://leetcode.com/problems/design-compressed-string-iterator,Not Done
1008,Construct Binary Search Tree from Preorder Traversal,78.4%,Medium,0.2053974398608136, https://leetcode.com/problems/construct-binary-search-tree-from-preorder-traversal,Not Done
1254,Number of Closed Islands,60.5%,Medium,0.2031246844237178, https://leetcode.com/problems/number-of-closed-islands,Not Done
1375,Bulb Switcher III,62.6%,Medium,0.1962262437017271, https://leetcode.com/problems/bulb-switcher-iii,Not Done
1060,Missing Element in Sorted Array,54.5%,Medium,0.1950605825713844, https://leetcode.com/problems/missing-element-in-sorted-array,Not Done
601,Human Traffic of Stadium,41.7%,Hard,0.1943137058392184, https://leetcode.com/problems/human-traffic-of-stadium,Not Done
1198,Find Smallest Common Element in All Rows,74.9%,Medium,0.1910552367627092, https://leetcode.com/problems/find-smallest-common-element-in-all-rows,Not Done
756,Pyramid Transition Matrix,54.6%,Medium,0.1910552367627092, https://leetcode.com/problems/pyramid-transition-matrix,Not Done
358,Rearrange String k Distance Apart,34.9%,Hard,0.1900436028878649, https://leetcode.com/problems/rearrange-string-k-distance-apart,Not Done
995,Minimum Number of K Consecutive Bit Flips,46.8%,Hard,0.1900436028878649, https://leetcode.com/problems/minimum-number-of-k-consecutive-bit-flips,Not Done
864,Shortest Path to Get All Keys,40.1%,Hard,0.1892419996385284, https://leetcode.com/problems/shortest-path-to-get-all-keys,Not Done
549,Binary Tree Longest Consecutive Sequence II,47.0%,Medium,0.1884471502206373, https://leetcode.com/problems/binary-tree-longest-consecutive-sequence-ii,Not Done
900,RLE Iterator,53.5%,Medium,0.1884471502206373, https://leetcode.com/problems/rle-iterator,Not Done
681,Next Closest Time,45.0%,Medium,0.1881261522599218, https://leetcode.com/problems/next-closest-time,Not Done
684,Redundant Connection,57.4%,Medium,0.1872673534457721, https://leetcode.com/problems/redundant-connection,Not Done
219,Contains Duplicate II,37.7%,Easy,0.1869686286934126, https://leetcode.com/problems/contains-duplicate-ii,Not Done
792,Number of Matching Subsequences,47.4%,Medium,0.1857171457950928, https://leetcode.com/problems/number-of-matching-subsequences,Not Done
852,Peak Index in a Mountain Array,71.6%,Easy,0.1849635662567932, https://leetcode.com/problems/peak-index-in-a-mountain-array,Not Done
536,Construct Binary Tree from String,48.3%,Medium,0.1819519393438031, https://leetcode.com/problems/construct-binary-tree-from-string,Not Done
1153,String Transforms Into Another String,35.8%,Hard,0.1816986978513639, https://leetcode.com/problems/string-transforms-into-another-string,Not Done
1245,Tree Diameter,60.1%,Medium,0.1786917887433759, https://leetcode.com/problems/tree-diameter,Not Done
871,Minimum Number of Refueling Stops,31.4%,Hard,0.1769307081590782, https://leetcode.com/problems/minimum-number-of-refueling-stops,Not Done
486,Predict the Winner,47.9%,Medium,0.1764741764874171, https://leetcode.com/problems/predict-the-winner,Not Done
1027,Longest Arithmetic Sequence,53.4%,Medium,0.1758906664636642, https://leetcode.com/problems/longest-arithmetic-sequence,Not Done
977,Squares of a Sorted Array,72.1%,Easy,0.1748211140008257, https://leetcode.com/problems/squares-of-a-sorted-array,Not Done
523,Continuous Subarray Sum,24.6%,Medium,0.1741156174236314, https://leetcode.com/problems/continuous-subarray-sum,Not Done
670,Maximum Swap,43.6%,Medium,0.1735948056557174, https://leetcode.com/problems/maximum-swap,Not Done
1248,Count Number of Nice Subarrays,56.4%,Medium,0.1722830904470972, https://leetcode.com/problems/count-number-of-nice-subarrays,Not Done
561,Array Partition I,72.0%,Easy,0.1718099871189421, https://leetcode.com/problems/array-partition-i,Not Done
856,Score of Parentheses,60.5%,Medium,0.171358251996685, https://leetcode.com/problems/score-of-parentheses,Not Done
707,Design Linked List,24.5%,Medium,0.1704321711045546, https://leetcode.com/problems/design-linked-list,Not Done
1162,As Far from Land as Possible,43.5%,Medium,0.1693582331480163, https://leetcode.com/problems/as-far-from-land-as-possible,Not Done
1430,Check If a String Is a Valid Sequence from Root to Leaves Path in a Binary Tree,44.8%,Medium,0.1691787313547602, https://leetcode.com/problems/check-if-a-string-is-a-valid-sequence-from-root-to-leaves-path-in-a-binary-tree,Not Done
1026,Maximum Difference Between Node and Ancestor,66.0%,Medium,0.167834724827712, https://leetcode.com/problems/maximum-difference-between-node-and-ancestor,Not Done
963,Minimum Area Rectangle II,50.9%,Medium,0.1663577058049405, https://leetcode.com/problems/minimum-area-rectangle-ii,Not Done
493,Reverse Pairs,25.2%,Hard,0.1622986409188468, https://leetcode.com/problems/reverse-pairs,Not Done
1048,Longest String Chain,54.7%,Medium,0.1620789500230524, https://leetcode.com/problems/longest-string-chain,Not Done
338,Counting Bits,69.5%,Medium,0.1613554622344768, https://leetcode.com/problems/counting-bits,Not Done
720,Longest Word in Dictionary,48.2%,Easy,0.1608272048999237, https://leetcode.com/problems/longest-word-in-dictionary,Not Done
404,Sum of Left Leaves,50.9%,Easy,0.1591164563394917, https://leetcode.com/problems/sum-of-left-leaves,Not Done
724,Find Pivot Index,44.0%,Easy,0.1577306359179751, https://leetcode.com/problems/find-pivot-index,Not Done
539,Minimum Time Difference,51.5%,Medium,0.1560250946216086, https://leetcode.com/problems/minimum-time-difference,Not Done
979,Distribute Coins in Binary Tree,68.9%,Medium,0.1534868895606017, https://leetcode.com/problems/distribute-coins-in-binary-tree,Not Done
1242,Web Crawler Multithreaded,45.9%,Medium,0.1495317339709637, https://leetcode.com/problems/web-crawler-multithreaded,Not Done
1395,Count Number of Teams,82.0%,Medium,0.1494421819994172, https://leetcode.com/problems/count-number-of-teams,Not Done
951,Flip Equivalent Binary Trees,65.8%,Medium,0.1483758803333744, https://leetcode.com/problems/flip-equivalent-binary-trees,Not Done
942,DI String Match,72.6%,Easy,0.1463795351023716, https://leetcode.com/problems/di-string-match,Not Done
213,House Robber II,36.5%,Medium,0.1449668718756892, https://leetcode.com/problems/house-robber-ii,Not Done
714,Best Time to Buy and Sell Stock with Transaction Fee,54.7%,Medium,0.1427733908114201, https://leetcode.com/problems/best-time-to-buy-and-sell-stock-with-transaction-fee,Not Done
376,Wiggle Subsequence,39.6%,Medium,0.1392340557367047, https://leetcode.com/problems/wiggle-subsequence,Not Done
673,Number of Longest Increasing Subsequence,35.7%,Medium,0.1385096952360993, https://leetcode.com/problems/number-of-longest-increasing-subsequence,Not Done
1005,Maximize Sum Of Array After K Negations,51.3%,Easy,0.1380442207962054, https://leetcode.com/problems/maximize-sum-of-array-after-k-negations,Not Done
855,Exam Room,43.1%,Medium,0.1380442207962054, https://leetcode.com/problems/exam-room,Not Done
702,Search in a Sorted Array of Unknown Size,66.9%,Medium,0.1378324745239132, https://leetcode.com/problems/search-in-a-sorted-array-of-unknown-size,Not Done
429,N-ary Tree Level Order Traversal,65.0%,Medium,0.1372765778356287, https://leetcode.com/problems/n-ary-tree-level-order-traversal,Not Done
392,Is Subsequence,49.2%,Easy,0.136352108220807, https://leetcode.com/problems/is-subsequence,Not Done
1479,Sales by Day of the Week,83.4%,Hard,0.1348842676899421, https://leetcode.com/problems/sales-by-day-of-the-week,Not Done
1160,Find Words That Can Be Formed by Characters,67.4%,Easy,0.133674402993018, https://leetcode.com/problems/find-words-that-can-be-formed-by-characters,Not Done
309,Best Time to Buy and Sell Stock with Cooldown,47.4%,Medium,0.1308880619194785, https://leetcode.com/problems/best-time-to-buy-and-sell-stock-with-cooldown,Not Done
958,Check Completeness of a Binary Tree,52.1%,Medium,0.1288449608908956, https://leetcode.com/problems/check-completeness-of-a-binary-tree,Not Done
974,Subarray Sums Divisible by K,48.9%,Medium,0.1283811666482067, https://leetcode.com/problems/subarray-sums-divisible-by-k,Not Done
1117,Building H2O,52.6%,Medium,0.1279698809633765, https://leetcode.com/problems/building-h2o,Not Done
1059,All Paths from Source Lead to Destination,44.7%,Medium,0.1267517056391438, https://leetcode.com/problems/all-paths-from-source-lead-to-destination,Not Done
475,Heaters,33.1%,Easy,0.1263952121057259, https://leetcode.com/problems/heaters,Not Done
1233,Remove Sub-Folders from the Filesystem,59.5%,Medium,0.1241260674138171, https://leetcode.com/problems/remove-sub-folders-from-the-filesystem,Not Done
621,Task Scheduler,50.1%,Medium,0.1238797247458161, https://leetcode.com/problems/task-scheduler,Not Done
890,Find and Replace Pattern,73.4%,Medium,0.1236139559671766, https://leetcode.com/problems/find-and-replace-pattern,Not Done
912,Sort an Array,63.9%,Medium,0.1229376862450479, https://leetcode.com/problems/sort-an-array,Not Done
654,Maximum Binary Tree,79.9%,Medium,0.1223420071097352, https://leetcode.com/problems/maximum-binary-tree,Not Done
1114,Print in Order,65.7%,Easy,0.1213608570042674, https://leetcode.com/problems/print-in-order,Not Done
784,Letter Case Permutation,64.6%,Medium,0.120395337670077, https://leetcode.com/problems/letter-case-permutation,Not Done
839,Similar String Groups,38.6%,Hard,0.1193467576325661, https://leetcode.com/problems/similar-string-groups,Not Done
904,Fruit Into Baskets,42.5%,Medium,0.1188481477339815, https://leetcode.com/problems/fruit-into-baskets,Not Done
1299,Replace Elements with Greatest Element on Right Side,75.4%,Easy,0.118067166926941, https://leetcode.com/problems/replace-elements-with-greatest-element-on-right-side,Not Done
1179,Reformat Department Table,80.6%,Easy,0.1173506032172123, https://leetcode.com/problems/reformat-department-table,Not Done
144,Binary Tree Preorder Traversal,55.7%,Medium,0.1167631477556379, https://leetcode.com/problems/binary-tree-preorder-traversal,Not Done
679,24 Game,46.4%,Hard,0.1164103518444112, https://leetcode.com/problems/24-game,Not Done
67,Add Binary,45.2%,Easy,0.1134905575604476, https://leetcode.com/problems/add-binary,Not Done
671,Second Minimum Node In a Binary Tree,42.7%,Easy,0.1134359296633717, https://leetcode.com/problems/second-minimum-node-in-a-binary-tree,Not Done
1068,Product Sales Analysis I,83.1%,Easy,0.1124779834266902, https://leetcode.com/problems/product-sales-analysis-i,Not Done
842,Split Array into Fibonacci Sequence,36.3%,Medium,0.1118483001365689, https://leetcode.com/problems/split-array-into-fibonacci-sequence,Not Done
196,Delete Duplicate Emails,41.1%,Easy,0.111723209445655, https://leetcode.com/problems/delete-duplicate-emails,Not Done
742,Closest Leaf in a Binary Tree,43.6%,Medium,0.11060987154397, https://leetcode.com/problems/closest-leaf-in-a-binary-tree,Not Done
966,Vowel Spellchecker,47.2%,Medium,0.106767975425706, https://leetcode.com/problems/vowel-spellchecker,Not Done
249,Group Shifted Strings,55.1%,Medium,0.1061299886068485, https://leetcode.com/problems/group-shifted-strings,Not Done
172,Factorial Trailing Zeroes,37.8%,Easy,0.1058255238038478, https://leetcode.com/problems/factorial-trailing-zeroes,Not Done
1266,Minimum Time Visiting All Points,79.6%,Easy,0.1038276126969784, https://leetcode.com/problems/minimum-time-visiting-all-points,Not Done
396,Rotate Function,36.3%,Medium,0.1034513373880247, https://leetcode.com/problems/rotate-function,Not Done
267,Palindrome Permutation II,36.4%,Medium,0.1034513373880247, https://leetcode.com/problems/palindrome-permutation-ii,Not Done
485,Max Consecutive Ones,54.6%,Easy,0.1024786692829373, https://leetcode.com/problems/max-consecutive-ones,Not Done
27,Remove Element,48.2%,Easy,0.1022417784451716, https://leetcode.com/problems/remove-element,Not Done
1110,Delete Nodes And Return Forest,67.0%,Medium,0.0995251891775145, https://leetcode.com/problems/delete-nodes-and-return-forest,Not Done
661,Image Smoother,51.5%,Easy,0.0993371898656319, https://leetcode.com/problems/image-smoother,Not Done
1023,Camelcase Matching,57.0%,Medium,0.0986019768045395, https://leetcode.com/problems/camelcase-matching,Not Done
461,Hamming Distance,72.8%,Easy,0.0976287349774168, https://leetcode.com/problems/hamming-distance,Not Done
752,Open the Lock,51.8%,Medium,0.0949141065821838, https://leetcode.com/problems/open-the-lock,Not Done
605,Can Place Flowers,31.6%,Easy,0.094857793458677, https://leetcode.com/problems/can-place-flowers,Not Done
826,Most Profit Assigning Work,38.5%,Medium,0.0928741250064437, https://leetcode.com/problems/most-profit-assigning-work,Not Done
367,Valid Perfect Square,41.7%,Easy,0.0902162058237288, https://leetcode.com/problems/valid-perfect-square,Not Done
791,Custom Sort String,65.7%,Medium,0.0900495525024912, https://leetcode.com/problems/custom-sort-string,Not Done
216,Combination Sum III,56.6%,Medium,0.0875353487071455, https://leetcode.com/problems/combination-sum-iii,Not Done
1247,Minimum Swaps to Make Strings Equal,60.1%,Medium,0.0862603442844069, https://leetcode.com/problems/minimum-swaps-to-make-strings-equal,Not Done
916,Word Subsets,47.8%,Medium,0.0847965366600769, https://leetcode.com/problems/word-subsets,Not Done
582,Kill Process,60.8%,Medium,0.0835558856909735, https://leetcode.com/problems/kill-process,Not Done
921,Minimum Add to Make Parentheses Valid,73.7%,Medium,0.0830783685970981, https://leetcode.com/problems/minimum-add-to-make-parentheses-valid,Not Done
459,Repeated Substring Pattern,42.2%,Easy,0.0829921334278095, https://leetcode.com/problems/repeated-substring-pattern,Not Done
278,First Bad Version,35.7%,Easy,0.0829598414024098, https://leetcode.com/problems/first-bad-version,Not Done
884,Uncommon Words from Two Sentences,63.3%,Easy,0.079900510730531, https://leetcode.com/problems/uncommon-words-from-two-sentences,Not Done
875,Koko Eating Bananas,52.1%,Medium,0.0791970416611931, https://leetcode.com/problems/koko-eating-bananas,Not Done
705,Design HashSet,64.3%,Easy,0.0749726501150756, https://leetcode.com/problems/design-hashset,Not Done
674,Longest Continuous Increasing Subsequence,45.9%,Easy,0.0739366659434528, https://leetcode.com/problems/longest-continuous-increasing-subsequence,Not Done
1082,Sales Analysis I,71.8%,Easy,0.0714589639821449, https://leetcode.com/problems/sales-analysis-i,Not Done
260,Single Number III,64.3%,Medium,0.0705621783378718, https://leetcode.com/problems/single-number-iii,Not Done
1146,Snapshot Array,37.0%,Medium,0.0701768767918377, https://leetcode.com/problems/snapshot-array,Not Done
953,Verifying an Alien Dictionary,54.1%,Easy,0.0688213415050693, https://leetcode.com/problems/verifying-an-alien-dictionary,Not Done
814,Binary Tree Pruning,74.5%,Medium,0.0687293321521806, https://leetcode.com/problems/binary-tree-pruning,Not Done
1337,The K Weakest Rows in a Matrix,68.8%,Easy,0.0685721731214702, https://leetcode.com/problems/the-k-weakest-rows-in-a-matrix,Not Done
1495,Friendly Movies Streamed Last Month,52.6%,Easy,0.068519946436756, https://leetcode.com/problems/friendly-movies-streamed-last-month,Not Done
872,Leaf-Similar Trees,64.5%,Easy,0.0683150751829883, https://leetcode.com/problems/leaf-similar-trees,Not Done
584,Find Customer Referee,72.3%,Easy,0.0659217208048242, https://leetcode.com/problems/find-customer-referee,Not Done
1332,Remove Palindromic Subsequences,60.1%,Easy,0.0658132185695717, https://leetcode.com/problems/remove-palindromic-subsequences,Not Done
1029,Two City Scheduling,56.1%,Easy,0.0637158143861076, https://leetcode.com/problems/two-city-scheduling,Not Done
1251,Average Selling Price,81.6%,Easy,0.0622284713984093, https://leetcode.com/problems/average-selling-price,Not Done
801,Minimum Swaps To Make Sequences Increasing,38.9%,Medium,0.0614632744304686, https://leetcode.com/problems/minimum-swaps-to-make-sequences-increasing,Not Done
1069,Product Sales Analysis II,82.9%,Easy,0.0608090045956056, https://leetcode.com/problems/product-sales-analysis-ii,Not Done
931,Minimum Falling Path Sum,62.5%,Medium,0.059149959824641, https://leetcode.com/problems/minimum-falling-path-sum,Not Done
52,N-Queens II,57.9%,Hard,0.058155920157074, https://leetcode.com/problems/n-queens-ii,Not Done
80,Remove Duplicates from Sorted Array II,44.0%,Medium,0.0579872576503493, https://leetcode.com/problems/remove-duplicates-from-sorted-array-ii,Not Done
922,Sort Array By Parity II,69.3%,Easy,0.05767132830439, https://leetcode.com/problems/sort-array-by-parity-ii,Not Done
1221,Split a String in Balanced Strings,83.3%,Easy,0.0536264013380767, https://leetcode.com/problems/split-a-string-in-balanced-strings,Not Done
1303,Find the Team Size,87.8%,Easy,0.05155780966485, https://leetcode.com/problems/find-the-team-size,Not Done
1339,Maximum Product of Splitted Binary Tree,37.2%,Medium,0.0506437328187549, https://leetcode.com/problems/maximum-product-of-splitted-binary-tree,Not Done
1128,Number of Equivalent Domino Pairs,47.3%,Easy,0.0495150645273805, https://leetcode.com/problems/number-of-equivalent-domino-pairs,Not Done
1267,Count Servers that Communicate,57.9%,Medium,0.0490294272403186, https://leetcode.com/problems/count-servers-that-communicate,Not Done
1051,Height Checker,71.1%,Easy,0.0451034733345947, https://leetcode.com/problems/height-checker,Not Done
1382,Balance a Binary Search Tree,74.8%,Medium,0.0448003247553662, https://leetcode.com/problems/balance-a-binary-search-tree,Not Done
1456,Maximum Number of Vowels in a Substring of Given Length,52.4%,Medium,0.0422003544903764, https://leetcode.com/problems/maximum-number-of-vowels-in-a-substring-of-given-length,Not Done
704,Binary Search,52.1%,Easy,0.0417270442266683, https://leetcode.com/problems/binary-search,Not Done
965,Univalued Binary Tree,67.7%,Easy,0.0415188783477935, https://leetcode.com/problems/univalued-binary-tree,Not Done
590,N-ary Tree Postorder Traversal,72.1%,Easy,0.0404549546923136, https://leetcode.com/problems/n-ary-tree-postorder-traversal,Not Done
1049,Last Stone Weight II,44.2%,Medium,0.0390293439057352, https://leetcode.com/problems/last-stone-weight-ii,Not Done
797,All Paths From Source to Target,77.9%,Medium,0.0388115653643458, https://leetcode.com/problems/all-paths-from-source-to-target,Not Done
1511,Customer Order Frequency,76.8%,Easy,0.0383924310382344, https://leetcode.com/problems/customer-order-frequency,Not Done
606,Construct String from Binary Tree,54.1%,Easy,0.0371100096512312, https://leetcode.com/problems/construct-string-from-binary-tree,Not Done
190,Reverse Bits,39.8%,Easy,0.0364527603053442, https://leetcode.com/problems/reverse-bits,Not Done
1304,Find N Unique Integers Sum up to Zero,76.3%,Easy,0.0354088919062559, https://leetcode.com/problems/find-n-unique-integers-sum-up-to-zero,Not Done
1325,Delete Leaves With a Given Value,73.0%,Medium,0.0347861160854155, https://leetcode.com/problems/delete-leaves-with-a-given-value,Not Done
1344,Angle Between Hands of a Clock,61.4%,Medium,0.0308220488199355, https://leetcode.com/problems/angle-between-hands-of-a-clock,Not Done
501,Find Mode in Binary Search Tree,42.4%,Easy,0.029808466297826, https://leetcode.com/problems/find-mode-in-binary-search-tree,Not Done
303,Range Sum Query - Immutable,44.7%,Easy,0.0295490966917491, https://leetcode.com/problems/range-sum-query-immutable,Not Done
665,Non-decreasing Array,19.5%,Easy,0.0290530440626897, https://leetcode.com/problems/non-decreasing-array,Not Done
1520,Maximum Number of Non-Overlapping Substrings,32.8%,Hard,0.0214856677554914, https://leetcode.com/problems/maximum-number-of-non-overlapping-substrings,Not Done
154,Find Minimum in Rotated Sorted Array II,41.6%,Hard,0.0189849081230364, https://leetcode.com/problems/find-minimum-in-rotated-sorted-array-ii,Not Done
389,Find the Difference,55.3%,Easy,0.0169783365344178, https://leetcode.com/problems/find-the-difference,Not Done
1365,How Many Numbers Are Smaller Than the Current Number,85.6%,Easy,0.0159267213670781, https://leetcode.com/problems/how-many-numbers-are-smaller-than-the-current-number,Not Done
1351,Count Negative Numbers in a Sorted Matrix,76.5%,Easy,0.0130167799501917, https://leetcode.com/problems/count-negative-numbers-in-a-sorted-matrix,Not Done
1431,Kids With the Greatest Number of Candies,88.9%,Easy,0.0059276996332752, https://leetcode.com/problems/kids-with-the-greatest-number-of-candies,Not Done
663,Equal Tree Partition,39.5%,Medium,0.0, https://leetcode.com/problems/equal-tree-partition,Not Done
537,Complex Number Multiplication,67.4%,Medium,0.0, https://leetcode.com/problems/complex-number-multiplication,Not Done
553,Optimal Division,56.8%,Medium,0.0, https://leetcode.com/problems/optimal-division,Not Done
645,Set Mismatch,42.1%,Easy,0.0, https://leetcode.com/problems/set-mismatch,Not Done
738,Monotone Increasing Digits,44.3%,Medium,0.0, https://leetcode.com/problems/monotone-increasing-digits,Not Done
776,Split BST,55.8%,Medium,0.0, https://leetcode.com/problems/split-bst,Not Done
851,Loud and Rich,51.6%,Medium,0.0, https://leetcode.com/problems/loud-and-rich,Not Done
899,Orderly Queue,52.2%,Hard,0.0, https://leetcode.com/problems/orderly-queue,Not Done
902,Numbers At Most N Given Digit Set,31.5%,Hard,0.0, https://leetcode.com/problems/numbers-at-most-n-given-digit-set,Not Done
1067,Digit Count in Range,40.0%,Hard,0.0, https://leetcode.com/problems/digit-count-in-range,Not Done
1065,Index Pairs of a String,60.7%,Easy,0.0, https://leetcode.com/problems/index-pairs-of-a-string,Not Done
1085,Sum of Digits in the Minimum Number,74.6%,Easy,0.0, https://leetcode.com/problems/sum-of-digits-in-the-minimum-number,Not Done
1118,Number of Days in a Month,57.4%,Easy,0.0, https://leetcode.com/problems/number-of-days-in-a-month,Not Done
1119,Remove Vowels from a String,89.9%,Easy,0.0, https://leetcode.com/problems/remove-vowels-from-a-string,Not Done
1134,Armstrong Number,78.2%,Easy,0.0, https://leetcode.com/problems/armstrong-number,Not Done
1028,Recover a Tree From Preorder Traversal,69.9%,Hard,0.0, https://leetcode.com/problems/recover-a-tree-from-preorder-traversal,Not Done
1133,Largest Unique Number,66.8%,Easy,0.0, https://leetcode.com/problems/largest-unique-number,Not Done
1035,Uncrossed Lines,56.1%,Medium,0.0, https://leetcode.com/problems/uncrossed-lines,Not Done
1045,Customers Who Bought All Products,67.7%,Medium,0.0, https://leetcode.com/problems/customers-who-bought-all-products,Not Done
1050,Actors and Directors Who Cooperated At Least Three Times,71.7%,Easy,0.0, https://leetcode.com/problems/actors-and-directors-who-cooperated-at-least-three-times,Not Done
1054,Distant Barcodes,43.2%,Medium,0.0, https://leetcode.com/problems/distant-barcodes,Not Done
1070,Product Sales Analysis III,48.9%,Medium,0.0, https://leetcode.com/problems/product-sales-analysis-iii,Not Done
1080,Insufficient Nodes in Root to Leaf Paths,49.3%,Medium,0.0, https://leetcode.com/problems/insufficient-nodes-in-root-to-leaf-paths,Not Done
1259,Handshakes That Don't Cross,53.5%,Hard,0.0, https://leetcode.com/problems/handshakes-that-dont-cross,Not Done
1288,Remove Covered Intervals,57.9%,Medium,0.0, https://leetcode.com/problems/remove-covered-intervals,Not Done
1129,Shortest Path with Alternating Colors,38.9%,Medium,0.0, https://leetcode.com/problems/shortest-path-with-alternating-colors,Not Done
1362,Closest Divisors,56.8%,Medium,0.0, https://leetcode.com/problems/closest-divisors,Not Done
1363,Largest Multiple of Three,33.5%,Hard,0.0, https://leetcode.com/problems/largest-multiple-of-three,Not Done
1175,Prime Arrangements,51.0%,Easy,0.0, https://leetcode.com/problems/prime-arrangements,Not Done
1176,Diet Plan Performance,53.8%,Easy,0.0, https://leetcode.com/problems/diet-plan-performance,Not Done
1255,Maximum Score Words Formed by Letters,69.4%,Hard,0.0, https://leetcode.com/problems/maximum-score-words-formed-by-letters,Not Done
1260,Shift 2D Grid,61.4%,Easy,0.0, https://leetcode.com/problems/shift-2d-grid,Not Done
1305,All Elements in Two Binary Search Trees,76.1%,Medium,0.0, https://leetcode.com/problems/all-elements-in-two-binary-search-trees,Not Done
1327,List the Products Ordered in a Period,76.4%,Easy,0.0, https://leetcode.com/problems/list-the-products-ordered-in-a-period,Not Done
1350,Students With Invalid Departments,89.5%,Easy,0.0, https://leetcode.com/problems/students-with-invalid-departments,Not Done
1404,Number of Steps to Reduce a Number in Binary Representation to One,50.4%,Medium,0.0, https://leetcode.com/problems/number-of-steps-to-reduce-a-number-in-binary-representation-to-one,Not Done
1408,String Matching in an Array,61.4%,Easy,0.0, https://leetcode.com/problems/string-matching-in-an-array,Not Done
1409,Queries on a Permutation With Key,81.7%,Medium,0.0, https://leetcode.com/problems/queries-on-a-permutation-with-key,Not Done
1421,NPV Queries,80.6%,Medium,0.0, https://leetcode.com/problems/npv-queries,Not Done
1457,Pseudo-Palindromic Paths in a Binary Tree,67.3%,Medium,0.0, https://leetcode.com/problems/pseudo-palindromic-paths-in-a-binary-tree,Not Done
1489,Find Critical and Pseudo-Critical Edges in Minimum Spanning Tree,50.6%,Hard,0.0, https://leetcode.com/problems/find-critical-and-pseudo-critical-edges-in-minimum-spanning-tree,Not Done
1496,Path Crossing,55.9%,Easy,0.0, https://leetcode.com/problems/path-crossing,Not Done
1485,Clone Binary Tree With Random Pointer,81.0%,Medium,0.0, https://leetcode.com/problems/clone-binary-tree-with-random-pointer,Not Done
1502,Can Make Arithmetic Progression From Sequence,73.3%,Easy,0.0, https://leetcode.com/problems/can-make-arithmetic-progression-from-sequence,Not Done
1490,Clone N-ary Tree,84.5%,Medium,0.0, https://leetcode.com/problems/clone-n-ary-tree,Not Done
1533,Find the Index of the Large Integer,57.1%,Medium,0.0, https://leetcode.com/problems/find-the-index-of-the-large-integer,Not Done
